questdb,0,11.2,66.9,2026-03-04T16:16:29.000000Z,43,46
questdb,1,11.4,64.2,2026-03-04T16:16:33.000000Z,38,40
esa_api,publoco,9.9,73.2,2026-03-04T17:16:44.023707,28.6,34.1
questdb,0,11.2,66.8,2026-03-04T16:17:08.000000Z,40,43
questdb,1,11.3,64.3,2026-03-04T16:17:10.000000Z,38,38
esa_api,publoco,9.9,73.2,2026-03-04T17:17:14.676741,28.6,34.1
questdb,0,11.1,66.8,2026-03-04T16:17:25.000000Z,42,44
questdb,1,11.3,64.3,2026-03-04T16:17:28.000000Z,36,39
esa_api,publoco,9.9,73.2,2026-03-04T17:17:48.185721,28.6,34.1
questdb,0,11.1,67.0,2026-03-04T16:18:01.000000Z,42,45
questdb,1,11.2,64.7,2026-03-04T16:18:06.000000Z,39,43
esa_api,publoco,9.9,73.2,2026-03-04T17:18:21.209125,28.6,34.1
questdb,0,11.1,67.0,2026-03-04T16:18:37.000000Z,41,45
questdb,1,11.2,64.9,2026-03-04T16:18:43.000000Z,40,42
esa_api,publoco,9.9,73.2,2026-03-04T17:18:54.406406,28.6,34.1
questdb,0,11.1,67.0,2026-03-04T16:19:13.000000Z,41,45
questdb,1,11.3,64.9,2026-03-04T16:19:20.000000Z,39,44
esa_api,publoco,9.9,73.2,2026-03-04T17:19:25.011308,28.6,34.1
questdb,1,11.3,64.8,2026-03-04T16:19:37.000000Z,39,42
questdb,0,11.1,67.0,2026-03-04T16:19:49.000000Z,40,42
esa_api,publoco,9.9,73.2,2026-03-04T17:19:55.620662,28.6,34.1
questdb,0,11.1,67.0,2026-03-04T16:20:07.000000Z,41,42
questdb,1,11.3,64.7,2026-03-04T16:20:13.000000Z,41,44
esa_api,publoco,9.8,73.2,2026-03-04T17:20:26.330640,28.3,33.7
questdb,0,11.2,67.0,2026-03-04T16:20:43.000000Z,40,40
questdb,1,11.3,64.6,2026-03-04T16:20:48.000000Z,41,41
esa_api,publoco,9.8,73.2,2026-03-04T17:20:56.939242,28.3,33.7
questdb,1,11.3,64.6,2026-03-04T16:21:06.000000Z,36,38
questdb,0,11.2,67.0,2026-03-04T16:21:19.000000Z,37,40
esa_api,publoco,9.8,73.2,2026-03-04T17:21:27.564571,28.3,33.7
questdb,0,11.3,66.9,2026-03-04T16:21:36.000000Z,40,44
questdb,1,11.4,64.6,2026-03-04T16:21:44.000000Z,36,43
esa_api,publoco,9.8,73.2,2026-03-04T17:21:58.175071,28.3,33.7
questdb,0,11.3,66.9,2026-03-04T16:22:13.000000Z,39,40
questdb,1,11.3,64.7,2026-03-04T16:22:21.000000Z,38,42
esa_api,publoco,9.8,73.2,2026-03-04T17:22:28.749811,28.3,33.7
questdb,0,11.3,66.8,2026-03-04T16:22:48.000000Z,39,39
questdb,1,11.3,64.8,2026-03-04T16:22:56.000000Z,40,41
esa_api,publoco,9.8,73.2,2026-03-04T17:22:59.376474,28.3,33.7
questdb,1,11.3,65.0,2026-03-04T16:23:13.000000Z,39,40
questdb,0,11.2,67.0,2026-03-04T16:23:25.000000Z,40,43
esa_api,publoco,9.8,73.2,2026-03-04T17:23:29.969090,28.3,33.7
questdb,0,11.2,67.0,2026-03-04T16:23:46.000000Z,38,41
questdb,1,11.2,65.2,2026-03-04T16:23:52.000000Z,37,38
esa_api,publoco,9.8,73.2,2026-03-04T17:24:04.806145,28.3,33.7
questdb,0,11.1,67.2,2026-03-04T16:24:23.000000Z,42,45
questdb,1,11.1,65.3,2026-03-04T16:24:27.000000Z,39,39
esa_api,publoco,9.8,73.2,2026-03-04T17:24:35.385907,28.3,33.7
questdb,0,11.1,67.3,2026-03-04T16:24:43.000000Z,42,45
questdb,1,11.2,65.4,2026-03-04T16:24:45.000000Z,39,40
esa_api,publoco,9.8,73.2,2026-03-04T17:25:06.045768,28.3,33.7
questdb,1,11.2,65.5,2026-03-04T16:25:22.000000Z,40,40
questdb,0,11.0,67.6,2026-03-04T16:25:24.000000Z,40,44
esa_api,publoco,9.5,73.8,2026-03-04T17:25:36.655071,28.3,33.9
questdb,1,11.2,65.4,2026-03-04T16:25:58.000000Z,40,44
questdb,0,11.1,67.7,2026-03-04T16:25:59.000000Z,42,45
esa_api,publoco,9.5,73.8,2026-03-04T17:26:07.864395,28.3,33.9
questdb,1,11.2,65.5,2026-03-04T16:26:15.000000Z,40,43
questdb,0,11.0,67.7,2026-03-04T16:26:17.000000Z,38,40
esa_api,publoco,9.5,73.8,2026-03-04T17:26:38.457049,28.3,33.9
questdb,1,11.1,65.5,2026-03-04T16:26:54.000000Z,41,43
questdb,0,11.0,67.7,2026-03-04T16:26:58.000000Z,39,42
esa_api,publoco,9.5,73.8,2026-03-04T17:27:10.045535,28.3,33.9
questdb,0,11.0,67.6,2026-03-04T16:27:16.000000Z,41,44
questdb,1,11.0,65.7,2026-03-04T16:27:30.000000Z,41,41
esa_api,publoco,9.5,73.8,2026-03-04T17:27:40.625151,28.3,33.9
questdb,0,11.0,67.7,2026-03-04T16:27:56.000000Z,44,45
questdb,1,11.0,65.7,2026-03-04T16:28:05.000000Z,42,46
esa_api,publoco,9.5,73.8,2026-03-04T17:28:11.203798,28.3,33.9
questdb,1,11.0,65.7,2026-03-04T16:28:26.000000Z,40,45
questdb,0,11.0,67.7,2026-03-04T16:28:34.000000Z,42,43
esa_api,publoco,9.5,73.8,2026-03-04T17:28:41.725714,28.3,33.9
questdb,0,10.9,67.8,2026-03-04T16:28:53.000000Z,45,47
questdb,1,11.0,65.8,2026-03-04T16:29:02.000000Z,44,44
esa_api,publoco,9.5,73.8,2026-03-04T17:29:12.337776,28.3,33.9
questdb,0,10.9,67.8,2026-03-04T16:29:30.000000Z,39,42
questdb,1,11.0,65.8,2026-03-04T16:29:37.000000Z,40,44
esa_api,publoco,9.5,73.8,2026-03-04T17:29:42.929053,28.3,33.9
questdb,1,10.9,65.8,2026-03-04T16:29:55.000000Z,41,44
questdb,0,10.9,67.8,2026-03-04T16:30:07.000000Z,42,46
esa_api,publoco,9.5,73.8,2026-03-04T17:30:13.517988,28.3,33.9
questdb,0,10.9,67.9,2026-03-04T16:30:25.000000Z,45,46
questdb,1,10.9,66.0,2026-03-04T16:30:31.000000Z,42,46
esa_api,publoco,9.2,73.9,2026-03-04T17:30:44.247551,28.4,33.9
questdb,0,10.8,68.0,2026-03-04T16:31:01.000000Z,45,49
questdb,1,10.9,66.0,2026-03-04T16:31:06.000000Z,38,41
esa_api,publoco,9.2,73.9,2026-03-04T17:31:14.825677,28.4,33.9
questdb,1,10.9,66.0,2026-03-04T16:31:24.000000Z,41,44
questdb,0,10.8,68.0,2026-03-04T16:31:38.000000Z,42,46
esa_api,publoco,9.2,73.9,2026-03-04T17:31:45.449400,28.4,33.9
questdb,0,10.8,68.0,2026-03-04T16:31:56.000000Z,42,46
questdb,1,10.8,65.9,2026-03-04T16:32:01.000000Z,45,46
esa_api,publoco,9.2,73.9,2026-03-04T17:32:16.026638,28.4,33.9
questdb,0,10.8,68.0,2026-03-04T16:32:36.000000Z,44,48
questdb,1,10.8,65.8,2026-03-04T16:32:37.000000Z,44,46
esa_api,publoco,9.2,73.9,2026-03-04T17:32:47.747391,28.4,33.9
questdb,1,10.9,65.9,2026-03-04T16:33:00.000000Z,47,50
questdb,0,10.8,67.8,2026-03-04T16:33:12.000000Z,47,51
esa_api,publoco,9.2,73.9,2026-03-04T17:33:18.327192,28.4,33.9
questdb,0,10.8,67.8,2026-03-04T16:33:31.000000Z,47,51
questdb,1,10.9,65.7,2026-03-04T16:33:37.000000Z,48,51
esa_api,publoco,9.2,73.9,2026-03-04T17:33:48.964907,28.4,33.9
questdb,0,10.8,67.8,2026-03-04T16:34:07.000000Z,46,48
questdb,1,10.9,65.6,2026-03-04T16:34:13.000000Z,50,54
esa_api,publoco,9.2,73.9,2026-03-04T17:34:19.647761,28.4,33.9
questdb,1,10.8,65.6,2026-03-04T16:34:35.000000Z,49,50
questdb,0,10.8,67.8,2026-03-04T16:34:43.000000Z,53,56
esa_api,publoco,9.2,73.9,2026-03-04T17:34:50.205081,28.4,33.9
questdb,0,10.8,67.8,2026-03-04T16:35:02.000000Z,49,53
questdb,1,10.9,65.5,2026-03-04T16:35:13.000000Z,49,50
esa_api,publoco,9.2,73.9,2026-03-04T17:35:20.830884,28.4,33.9
questdb,1,10.9,65.5,2026-03-04T16:35:34.000000Z,47,51
questdb,0,10.7,67.8,2026-03-04T16:35:40.000000Z,53,54
esa_api,publoco,8.9,73.9,2026-03-04T17:35:51.406750,31.9,39.9
questdb,1,10.9,65.4,2026-03-04T16:36:10.000000Z,45,47
questdb,0,10.7,67.8,2026-03-04T16:36:17.000000Z,53,55
esa_api,publoco,8.9,73.9,2026-03-04T17:36:21.999311,31.9,39.9
questdb,0,10.7,67.8,2026-03-04T16:36:35.000000Z,55,58
questdb,1,10.8,65.5,2026-03-04T16:36:45.000000Z,47,50
esa_api,publoco,8.9,73.9,2026-03-04T17:36:52.625565,31.9,39.9
questdb,1,10.8,65.5,2026-03-04T16:37:03.000000Z,51,51
questdb,0,10.7,67.9,2026-03-04T16:37:12.000000Z,51,52
esa_api,publoco,8.9,73.9,2026-03-04T17:37:23.201338,31.9,39.9
questdb,0,10.7,67.8,2026-03-04T16:37:31.000000Z,54,57
questdb,1,10.8,65.5,2026-03-04T16:37:43.000000Z,51,55
esa_api,publoco,8.9,73.9,2026-03-04T17:37:53.794079,31.9,39.9
questdb,0,10.6,67.8,2026-03-04T16:38:09.000000Z,52,55
questdb,1,10.8,65.5,2026-03-04T16:38:20.000000Z,51,54
esa_api,publoco,8.9,73.9,2026-03-04T17:38:24.370633,31.9,39.9
questdb,0,10.6,67.9,2026-03-04T16:38:36.000000Z,54,54
questdb,1,10.8,65.4,2026-03-04T16:38:39.000000Z,53,55
esa_api,publoco,8.9,73.9,2026-03-04T17:38:55.029253,31.9,39.9
questdb,0,10.6,68.1,2026-03-04T16:39:16.000000Z,51,56
questdb,1,10.8,65.5,2026-03-04T16:39:17.000000Z,51,54
esa_api,publoco,8.9,73.9,2026-03-04T17:39:25.705106,31.9,39.9
questdb,0,10.5,68.2,2026-03-04T16:39:35.000000Z,53,56
questdb,1,10.8,65.5,2026-03-04T16:39:36.000000Z,45,47
esa_api,publoco,8.9,73.9,2026-03-04T17:39:56.208282,31.9,39.9
questdb,1,10.8,65.4,2026-03-04T16:40:14.000000Z,51,54
questdb,0,10.6,68.1,2026-03-04T16:40:15.000000Z,54,57
esa_api,publoco,8.9,73.9,2026-03-04T17:40:26.806887,31.9,39.9
questdb,1,10.7,65.5,2026-03-04T16:40:52.000000Z,48,54
questdb,0,10.6,68.1,2026-03-04T16:40:52.000000Z,51,52
esa_api,publoco,8.9,73.9,2026-03-04T17:40:57.399710,31.9,39.9
questdb,1,10.6,65.7,2026-03-04T16:41:10.000000Z,48,53
questdb,0,10.6,68.0,2026-03-04T16:41:11.000000Z,52,52
esa_api,publoco,8.9,73.9,2026-03-04T17:41:27.975819,31.9,39.9
questdb,1,10.6,65.9,2026-03-04T16:41:47.000000Z,50,52
questdb,0,10.6,68.0,2026-03-04T16:41:50.000000Z,52,53
esa_api,publoco,8.9,73.9,2026-03-04T17:41:58.568133,31.9,39.9
questdb,0,10.6,68.0,2026-03-04T16:42:08.000000Z,53,54
questdb,1,10.7,65.9,2026-03-04T16:42:24.000000Z,49,54
esa_api,publoco,8.9,73.9,2026-03-04T17:42:29.194122,31.9,39.9
questdb,1,10.7,65.8,2026-03-04T16:42:42.000000Z,50,52
questdb,0,10.6,68.0,2026-03-04T16:42:45.000000Z,53,57
esa_api,publoco,8.9,73.9,2026-03-04T17:42:59.853338,31.9,39.9
questdb,1,10.7,65.8,2026-03-04T16:43:18.000000Z,55,56
questdb,0,10.6,67.9,2026-03-04T16:43:22.000000Z,51,56
esa_api,publoco,8.9,73.9,2026-03-04T17:43:30.428801,31.9,39.9
questdb,0,10.7,68.1,2026-03-04T16:43:44.000000Z,51,54
questdb,1,10.6,66.0,2026-03-04T16:43:55.000000Z,50,55
esa_api,publoco,8.9,73.9,2026-03-04T17:44:01.055575,31.9,39.9
questdb,1,10.6,66.1,2026-03-04T16:44:14.000000Z,48,52
questdb,0,10.7,68.1,2026-03-04T16:44:24.000000Z,51,52
esa_api,publoco,8.9,73.9,2026-03-04T17:44:31.731161,31.9,39.9
questdb,0,10.7,68.0,2026-03-04T16:44:42.000000Z,49,52
questdb,1,10.6,66.1,2026-03-04T16:44:50.000000Z,53,53
esa_api,publoco,8.9,73.9,2026-03-04T17:45:02.323802,31.9,39.9
questdb,0,10.7,68.0,2026-03-04T16:45:20.000000Z,48,49
questdb,1,10.7,65.9,2026-03-04T16:45:28.000000Z,46,49
esa_api,publoco,8.9,73.9,2026-03-04T17:45:32.916434,31.9,39.9
questdb,1,10.8,65.8,2026-03-04T16:45:46.000000Z,47,50
questdb,0,10.7,67.9,2026-03-04T16:45:56.000000Z,48,51
esa_api,publoco,8.9,73.9,2026-03-04T17:46:03.518838,31.9,39.9
questdb,0,10.7,67.8,2026-03-04T16:46:15.000000Z,50,51
questdb,1,10.8,65.6,2026-03-04T16:46:24.000000Z,46,48
esa_api,publoco,8.9,73.9,2026-03-04T17:46:34.152041,31.9,39.9
questdb,1,10.8,65.4,2026-03-04T16:46:42.000000Z,45,46
questdb,0,10.7,67.7,2026-03-04T16:46:54.000000Z,46,48
esa_api,publoco,8.9,73.9,2026-03-04T17:47:04.760949,31.9,39.9
questdb,0,10.7,67.7,2026-03-04T16:47:12.000000Z,42,45
questdb,1,10.7,65.5,2026-03-04T16:47:26.000000Z,47,51
esa_api,publoco,8.9,73.9,2026-03-04T17:47:35.370331,31.9,39.9
questdb,0,10.7,67.7,2026-03-04T16:47:52.000000Z,49,53
questdb,1,10.7,65.8,2026-03-04T16:48:02.000000Z,46,49
esa_api,publoco,8.9,73.9,2026-03-04T17:48:06.062831,31.9,39.9
questdb,1,10.6,65.8,2026-03-04T16:48:20.000000Z,48,48
questdb,0,10.7,67.5,2026-03-04T16:48:30.000000Z,43,48
esa_api,publoco,8.9,73.9,2026-03-04T17:48:36.672248,31.9,39.9
questdb,0,10.7,67.6,2026-03-04T16:48:48.000000Z,45,48
questdb,1,10.6,65.9,2026-03-04T16:48:57.000000Z,46,46
esa_api,publoco,8.9,73.9,2026-03-04T17:49:07.331402,31.9,39.9
questdb,1,10.6,65.9,2026-03-04T16:49:16.000000Z,46,46
questdb,0,10.6,67.6,2026-03-04T16:49:25.000000Z,46,50
esa_api,publoco,8.9,73.9,2026-03-04T17:49:38.023082,31.9,39.9
questdb,1,10.5,66.0,2026-03-04T16:49:53.000000Z,46,46
questdb,0,10.6,67.6,2026-03-04T16:50:03.000000Z,47,51
esa_api,publoco,8.9,73.9,2026-03-04T17:50:08.633451,31.9,39.9
questdb,0,10.6,67.7,2026-03-04T16:50:22.000000Z,48,51
questdb,1,10.5,66.1,2026-03-04T16:50:30.000000Z,47,47
esa_api,publoco,8.9,73.9,2026-03-04T17:50:39.276001,31.9,39.9
questdb,0,10.6,67.9,2026-03-04T16:50:59.000000Z,48,49
questdb,1,10.6,66.1,2026-03-04T16:51:06.000000Z,49,51
esa_api,publoco,8.9,73.9,2026-03-04T17:51:09.901728,31.9,39.9
questdb,1,10.6,66.0,2026-03-04T16:51:25.000000Z,47,48
questdb,0,10.6,67.9,2026-03-04T16:51:36.000000Z,46,49
esa_api,publoco,8.9,73.9,2026-03-04T17:51:40.527958,31.9,39.9
questdb,0,10.6,68.0,2026-03-04T16:51:57.000000Z,42,45
questdb,1,10.6,66.0,2026-03-04T16:52:02.000000Z,48,48
esa_api,publoco,8.9,73.9,2026-03-04T17:52:11.187127,31.9,39.9
questdb,0,10.6,67.9,2026-03-04T16:52:16.000000Z,42,44
questdb,1,10.6,66.1,2026-03-04T16:52:21.000000Z,48,48
esa_api,publoco,8.9,73.9,2026-03-04T17:52:41.860779,31.9,39.9
questdb,0,10.6,68.0,2026-03-04T16:52:58.000000Z,41,47
questdb,1,10.5,66.2,2026-03-04T16:52:59.000000Z,46,48
esa_api,publoco,8.9,73.9,2026-03-04T17:53:12.538863,31.9,39.9
questdb,1,10.6,66.2,2026-03-04T16:53:36.000000Z,47,49
questdb,0,10.5,68.1,2026-03-04T16:53:37.000000Z,43,47
esa_api,publoco,8.9,73.9,2026-03-04T17:53:43.181616,31.9,39.9
questdb,1,10.6,66.2,2026-03-04T16:53:54.000000Z,45,49
questdb,0,10.6,68.2,2026-03-04T16:53:56.000000Z,44,47
esa_api,publoco,8.9,73.9,2026-03-04T17:54:13.790723,31.9,39.9
questdb,0,10.5,68.2,2026-03-04T16:54:21.000000Z,43,47
questdb,1,10.5,66.3,2026-03-04T16:54:39.000000Z,44,47
esa_api,publoco,8.9,73.9,2026-03-04T17:54:44.400042,31.9,39.9
questdb,1,10.5,66.5,2026-03-04T16:54:57.000000Z,45,47
questdb,0,10.4,68.6,2026-03-04T16:55:03.000000Z,44,46
esa_api,publoco,8.9,73.9,2026-03-04T17:55:15.042820,31.9,39.9
questdb,0,10.4,68.8,2026-03-04T16:55:26.000000Z,45,47
questdb,1,10.5,66.6,2026-03-04T16:55:35.000000Z,47,47
esa_api,publoco,8.9,73.9,2026-03-04T17:55:45.685585,31.9,39.9
questdb,0,10.5,69.0,2026-03-04T16:56:03.000000Z,43,48
questdb,1,10.6,66.4,2026-03-04T16:56:12.000000Z,45,45
esa_api,publoco,8.9,73.9,2026-03-04T17:56:16.378484,31.9,39.9
questdb,1,10.6,66.3,2026-03-04T16:56:30.000000Z,45,45
questdb,0,10.5,68.9,2026-03-04T16:56:40.000000Z,43,48
esa_api,publoco,8.9,73.9,2026-03-04T17:56:47.071025,31.9,39.9
questdb,0,10.6,68.7,2026-03-04T16:57:00.000000Z,46,48
questdb,1,10.7,66.2,2026-03-04T16:57:12.000000Z,46,47
esa_api,publoco,8.9,73.9,2026-03-04T17:57:17.689495,31.9,39.9
questdb,0,16.8,43.8,2026-03-11T15:34:41.000000Z,46,50
questdb,1,17.8,40.0,2026-03-11T15:34:55.000000Z,80,82
esa_api,publoco,15.3,46.0,2026-03-11T16:35:02.583832,21.2,23.6
questdb,1,17.6,40.2,2026-03-11T15:35:13.000000Z,51,51
questdb,0,16.6,44.0,2026-03-11T15:35:22.000000Z,69,73
esa_api,publoco,15.2,46.5,2026-03-11T16:35:32.958831,72.4,84.0
questdb,0,16.6,44.1,2026-03-11T15:35:41.000000Z,71,74
questdb,1,17.3,40.8,2026-03-11T15:35:54.000000Z,178,181
esa_api,publoco,15.2,46.5,2026-03-11T16:36:03.460838,72.4,84.0
questdb,1,17.1,41.0,2026-03-11T15:36:13.000000Z,237,245
questdb,0,16.4,44.3,2026-03-11T15:36:23.000000Z,278,295
esa_api,publoco,15.2,46.5,2026-03-11T16:36:33.921327,72.4,84.0
questdb,1,17.0,41.6,2026-03-11T15:36:53.000000Z,577,623
questdb,0,16.4,44.6,2026-03-11T15:37:01.000000Z,543,601
esa_api,publoco,15.2,46.5,2026-03-11T16:37:04.503778,72.4,84.0
questdb,0,16.3,44.8,2026-03-11T15:37:23.000000Z,529,582
questdb,1,16.8,42.1,2026-03-11T15:37:30.000000Z,251,270
esa_api,publoco,15.2,46.5,2026-03-11T16:37:34.869309,72.4,84.0
questdb,0,16.3,45.0,2026-03-11T15:37:42.000000Z,390,426
questdb,1,16.8,42.3,2026-03-11T15:37:50.000000Z,179,187
esa_api,publoco,15.2,46.5,2026-03-11T16:38:05.216460,72.4,84.0
questdb,1,16.7,42.4,2026-03-11T15:38:18.000000Z,104,107
questdb,0,16.3,44.9,2026-03-11T15:38:27.000000Z,165,179
esa_api,publoco,15.2,46.5,2026-03-11T16:38:35.597179,72.4,84.0
questdb,0,16.3,45.0,2026-03-11T15:38:46.000000Z,88,95
questdb,1,16.6,42.5,2026-03-11T15:39:00.000000Z,57,59
esa_api,publoco,15.2,46.5,2026-03-11T16:39:05.984694,72.4,84.0
questdb,1,16.5,42.8,2026-03-11T15:39:19.000000Z,50,51
questdb,0,16.2,45.2,2026-03-11T15:39:28.000000Z,58,59
esa_api,publoco,15.2,46.5,2026-03-11T16:39:36.313809,72.4,84.0
questdb,0,16.2,45.1,2026-03-11T15:39:48.000000Z,58,62
questdb,1,16.5,42.8,2026-03-11T15:39:58.000000Z,63,66
esa_api,publoco,15.2,46.5,2026-03-11T16:40:06.659181,72.4,84.0
questdb,1,16.4,42.8,2026-03-11T15:40:16.000000Z,69,72
questdb,0,16.2,45.1,2026-03-11T15:40:17.000000Z,65,71
esa_api,publoco,15.2,47.1,2026-03-11T16:40:36.995070,96.1,110.3
questdb,0,16.2,45.1,2026-03-11T15:40:56.000000Z,243,263
questdb,1,16.4,42.9,2026-03-11T15:41:00.000000Z,261,273
esa_api,publoco,15.2,47.1,2026-03-11T16:41:07.364759,96.1,110.3
questdb,0,16.2,45.1,2026-03-11T15:41:16.000000Z,187,201
questdb,1,16.4,43.0,2026-03-11T15:41:21.000000Z,152,159
esa_api,publoco,15.2,47.1,2026-03-11T16:41:37.769901,96.1,110.3
questdb,0,16.2,45.2,2026-03-11T15:41:56.000000Z,148,161
questdb,1,16.3,43.2,2026-03-11T15:41:58.000000Z,255,276
esa_api,publoco,15.2,47.1,2026-03-11T16:42:08.107621,96.1,110.3
questdb,0,16.2,45.3,2026-03-11T15:42:16.000000Z,283,309
questdb,1,16.3,43.3,2026-03-11T15:42:20.000000Z,263,281
esa_api,publoco,15.2,47.1,2026-03-11T16:42:39.487750,96.1,110.3
questdb,0,16.1,45.5,2026-03-11T15:42:58.000000Z,263,286
questdb,1,16.2,43.6,2026-03-11T15:43:01.000000Z,214,226
esa_api,publoco,15.2,47.1,2026-03-11T16:43:09.829753,96.1,110.3
questdb,0,16.1,45.6,2026-03-11T15:43:17.000000Z,190,205
questdb,1,16.2,43.7,2026-03-11T15:43:20.000000Z,176,188
esa_api,publoco,15.2,47.1,2026-03-11T16:43:40.274785,96.1,110.3
questdb,0,16.0,45.7,2026-03-11T15:43:58.000000Z,280,304
questdb,1,16.1,43.9,2026-03-11T15:44:00.000000Z,291,316
esa_api,publoco,15.2,47.1,2026-03-11T16:44:11.698383,96.1,110.3
questdb,1,16.1,44.0,2026-03-11T15:44:20.000000Z,334,357
questdb,0,16.0,45.9,2026-03-11T15:44:38.000000Z,89,98
esa_api,publoco,15.2,47.1,2026-03-11T16:44:42.036833,96.1,110.3
questdb,0,16.0,46.0,2026-03-11T15:44:57.000000Z,43,44
questdb,1,16.0,44.3,2026-03-11T15:45:01.000000Z,183,195
esa_api,publoco,15.2,47.1,2026-03-11T16:45:12.383666,96.1,110.3
questdb,0,15.9,46.1,2026-03-11T15:45:37.000000Z,33,34
questdb,1,15.9,44.4,2026-03-11T15:45:40.000000Z,42,43
esa_api,publoco,15.1,47.4,2026-03-11T16:45:42.770673,105.6,120.2
questdb,1,15.9,44.4,2026-03-11T15:45:40.000000Z,42,43
questdb,0,15.9,46.1,2026-03-11T15:45:59.000000Z,55,58
esa_api,publoco,15.1,47.4,2026-03-11T16:46:14.187526,105.6,120.2
questdb,1,15.9,44.5,2026-03-11T15:46:32.000000Z,27,30
questdb,0,15.9,46.1,2026-03-11T15:46:39.000000Z,78,82
esa_api,publoco,15.1,47.4,2026-03-11T16:46:44.815285,105.6,120.2
questdb,0,15.9,46.2,2026-03-11T15:46:58.000000Z,78,82
questdb,1,15.8,44.8,2026-03-11T15:47:10.000000Z,70,76
esa_api,publoco,15.1,47.4,2026-03-11T16:47:15.621965,105.6,120.2
questdb,1,15.8,44.7,2026-03-11T15:47:29.000000Z,54,57
questdb,0,15.9,46.3,2026-03-11T15:47:38.000000Z,40,41
esa_api,publoco,15.1,47.4,2026-03-11T16:47:46.282317,105.6,120.2
questdb,0,15.9,46.3,2026-03-11T15:47:38.000000Z,40,41
questdb,1,15.8,44.8,2026-03-11T15:48:06.000000Z,35,37
esa_api,publoco,15.1,47.4,2026-03-11T16:48:17.260376,105.6,120.2
questdb,0,15.9,46.5,2026-03-11T15:48:37.000000Z,36,38
questdb,1,15.8,45.0,2026-03-11T15:48:44.000000Z,36,38
esa_api,publoco,15.1,47.4,2026-03-11T16:48:47.900756,105.6,120.2
questdb,0,15.8,46.4,2026-03-11T15:48:57.000000Z,33,36
questdb,1,15.8,45.0,2026-03-11T15:49:05.000000Z,30,30
esa_api,publoco,15.1,47.4,2026-03-11T16:49:18.526786,105.6,120.2
questdb,0,15.8,46.5,2026-03-11T15:49:41.000000Z,28,29
questdb,1,15.7,45.0,2026-03-11T15:49:44.000000Z,27,29
esa_api,publoco,15.1,47.4,2026-03-11T16:49:49.287783,105.6,120.2
questdb,0,15.8,46.5,2026-03-11T15:50:01.000000Z,29,29
questdb,1,15.7,45.0,2026-03-11T15:50:04.000000Z,27,30
esa_api,publoco,15.0,48.0,2026-03-11T16:50:19.878901,67.8,78.9
questdb,1,15.7,45.1,2026-03-11T15:50:23.000000Z,80,83
questdb,0,15.8,46.6,2026-03-11T15:50:44.000000Z,88,94
esa_api,publoco,15.0,48.0,2026-03-11T16:50:50.408519,67.8,78.9
questdb,0,15.8,46.7,2026-03-11T15:51:03.000000Z,56,61
questdb,1,15.7,45.3,2026-03-11T15:51:13.000000Z,46,49
esa_api,publoco,15.0,48.0,2026-03-11T16:51:20.975816,67.8,78.9
questdb,1,15.7,45.3,2026-03-11T15:51:32.000000Z,39,40
questdb,0,15.9,46.7,2026-03-11T15:51:44.000000Z,42,44
esa_api,publoco,15.0,48.0,2026-03-11T16:51:51.955494,67.8,78.9
questdb,0,15.8,46.7,2026-03-11T15:52:06.000000Z,38,40
questdb,1,15.7,45.3,2026-03-11T15:52:14.000000Z,37,38
esa_api,publoco,15.0,48.0,2026-03-11T16:52:23.251021,67.8,78.9
questdb,0,15.8,46.6,2026-03-11T15:52:28.000000Z,38,40
questdb,1,15.7,45.3,2026-03-11T15:52:34.000000Z,37,37
esa_api,publoco,15.0,48.0,2026-03-11T16:52:55.464338,67.8,78.9
questdb,0,15.8,46.6,2026-03-11T15:53:14.000000Z,33,34
questdb,1,15.7,45.3,2026-03-11T15:53:17.000000Z,40,42
esa_api,publoco,15.0,48.0,2026-03-11T16:53:27.459110,67.8,78.9
questdb,1,15.7,45.4,2026-03-11T15:53:39.000000Z,35,36
questdb,0,15.8,46.8,2026-03-11T15:53:39.000000Z,38,38
esa_api,publoco,15.0,48.0,2026-03-11T16:54:12.963447,67.8,78.9
questdb,1,15.7,45.3,2026-03-11T15:54:34.000000Z,43,44
questdb,0,15.8,46.7,2026-03-11T15:54:35.000000Z,53,58
esa_api,publoco,15.0,48.0,2026-03-11T16:54:45.563909,67.8,78.9
questdb,0,15.8,46.8,2026-03-11T15:54:58.000000Z,46,48
questdb,1,15.7,45.4,2026-03-11T15:54:58.000000Z,43,45
esa_api,publoco,14.9,48.6,2026-03-11T16:55:17.408605,79.5,90.6
questdb,1,15.7,45.5,2026-03-11T15:55:42.000000Z,77,81
questdb,0,15.8,46.8,2026-03-11T15:55:43.000000Z,34,35
esa_api,publoco,14.9,48.6,2026-03-11T16:55:48.724736,79.5,90.6
questdb,1,15.7,45.6,2026-03-11T15:56:04.000000Z,64,67
questdb,0,15.8,47.0,2026-03-11T15:56:06.000000Z,40,41
esa_api,publoco,14.9,48.6,2026-03-11T16:56:21.768880,79.5,90.6
questdb,1,15.7,45.8,2026-03-11T15:56:48.000000Z,47,48
questdb,0,15.8,47.2,2026-03-11T15:56:48.000000Z,79,86
esa_api,publoco,14.9,48.6,2026-03-11T16:56:54.699524,79.5,90.6
questdb,1,15.7,45.9,2026-03-11T15:57:12.000000Z,39,40
questdb,0,15.8,47.4,2026-03-11T15:57:13.000000Z,69,72
esa_api,publoco,14.9,48.6,2026-03-11T16:57:26.625028,79.5,90.6
questdb,1,15.7,46.1,2026-03-11T15:57:38.000000Z,38,41
questdb,0,15.8,47.5,2026-03-11T15:57:38.000000Z,44,45
esa_api,publoco,14.9,48.6,2026-03-11T16:57:57.651647,79.5,90.6
questdb,0,15.8,47.7,2026-03-11T15:58:25.000000Z,43,44
questdb,1,15.7,46.3,2026-03-11T15:58:26.000000Z,33,36
esa_api,publoco,14.9,48.6,2026-03-11T16:58:31.505703,79.5,90.6
questdb,0,15.7,47.9,2026-03-11T15:58:47.000000Z,41,43
questdb,1,15.6,46.5,2026-03-11T15:58:47.000000Z,34,35
esa_api,publoco,14.9,48.6,2026-03-11T16:59:04.956298,79.5,90.6
questdb,0,15.7,48.0,2026-03-11T15:59:18.000000Z,35,36
questdb,1,15.6,46.6,2026-03-11T15:59:19.000000Z,32,34
esa_api,publoco,14.9,48.6,2026-03-11T16:59:36.333741,79.5,90.6
questdb,0,15.7,48.1,2026-03-11T15:59:40.000000Z,32,33
questdb,1,15.6,46.7,2026-03-11T15:59:43.000000Z,31,33
esa_api,publoco,14.9,48.6,2026-03-11T17:00:16.495417,79.5,90.6
questdb,1,15.6,46.8,2026-03-11T16:00:39.000000Z,37,38
questdb,0,15.7,48.2,2026-03-11T16:00:41.000000Z,34,37
esa_api,publoco,14.8,49.4,2026-03-11T17:00:49.941214,71.9,84.9
questdb,0,15.7,48.3,2026-03-11T16:01:03.000000Z,31,32
questdb,1,15.6,46.9,2026-03-11T16:01:04.000000Z,34,36
esa_api,publoco,14.8,49.4,2026-03-11T17:01:20.691595,71.9,84.9
questdb,0,15.6,48.4,2026-03-11T16:01:26.000000Z,31,33
questdb,1,15.5,46.9,2026-03-11T16:01:36.000000Z,28,28
esa_api,publoco,14.8,49.4,2026-03-11T17:01:59.224511,71.9,84.9
questdb,0,15.6,48.4,2026-03-11T16:02:02.000000Z,34,35
questdb,1,15.5,47.0,2026-03-11T16:02:03.000000Z,26,26
esa_api,publoco,14.8,49.4,2026-03-11T17:02:34.839293,71.9,84.9
questdb,0,15.6,48.5,2026-03-11T16:02:35.000000Z,34,34
questdb,1,15.4,47.3,2026-03-11T16:02:58.000000Z,26,26
esa_api,publoco,14.8,49.4,2026-03-11T17:03:10.862519,71.9,84.9
questdb,0,15.5,48.9,2026-03-11T16:03:25.000000Z,32,34
questdb,1,15.4,47.4,2026-03-11T16:03:37.000000Z,32,32
esa_api,publoco,14.8,49.4,2026-03-11T17:03:41.518501,71.9,84.9
questdb,1,15.4,47.4,2026-03-11T16:03:37.000000Z,32,32
questdb,0,15.5,48.9,2026-03-11T16:03:46.000000Z,39,40
esa_api,publoco,14.8,49.4,2026-03-11T17:04:14.567093,71.9,84.9
questdb,0,15.5,48.9,2026-03-11T16:04:17.000000Z,37,38
questdb,1,15.4,47.5,2026-03-11T16:04:40.000000Z,36,38
esa_api,publoco,14.8,49.4,2026-03-11T17:04:46.927747,71.9,84.9
questdb,1,15.4,47.7,2026-03-11T16:04:59.000000Z,36,39
questdb,0,15.5,49.1,2026-03-11T16:05:13.000000Z,36,36
esa_api,publoco,14.8,49.4,2026-03-11T17:05:18.565200,71.9,84.9
questdb,1,15.4,47.8,2026-03-11T16:05:28.000000Z,33,35
questdb,0,15.5,49.1,2026-03-11T16:05:33.000000Z,36,39
esa_api,publoco,14.8,49.4,2026-03-11T17:05:49.204428,71.9,84.9
questdb,0,15.5,49.2,2026-03-11T16:05:55.000000Z,36,38
questdb,1,15.3,47.8,2026-03-11T16:06:09.000000Z,31,32
esa_api,publoco,14.8,49.4,2026-03-11T17:06:25.056656,71.9,84.9
questdb,0,15.5,49.2,2026-03-11T16:06:21.000000Z,36,38
questdb,1,15.3,48.0,2026-03-11T16:06:30.000000Z,33,35
esa_api,publoco,14.8,49.4,2026-03-11T17:06:56.291296,71.9,84.9
questdb,1,15.3,48.2,2026-03-11T16:07:15.000000Z,31,33
questdb,0,15.4,49.6,2026-03-11T16:07:20.000000Z,32,35
esa_api,publoco,14.8,49.4,2026-03-11T17:07:26.998061,71.9,84.9
questdb,1,15.3,48.2,2026-03-11T16:07:39.000000Z,32,35
questdb,0,15.4,49.6,2026-03-11T16:07:43.000000Z,33,34
esa_api,publoco,14.8,49.4,2026-03-11T17:08:00.864469,71.9,84.9
questdb,0,15.4,49.7,2026-03-11T16:08:06.000000Z,35,36
questdb,1,15.3,48.3,2026-03-11T16:08:25.000000Z,35,36
esa_api,publoco,14.8,49.4,2026-03-11T17:08:34.839628,71.9,84.9
questdb,1,15.3,48.3,2026-03-11T16:08:54.000000Z,48,49
questdb,0,15.3,49.8,2026-03-11T16:08:56.000000Z,34,37
esa_api,publoco,14.8,49.4,2026-03-11T17:09:06.101405,71.9,84.9
questdb,1,15.2,48.4,2026-03-11T16:09:15.000000Z,48,49
questdb,0,15.3,50.0,2026-03-11T16:09:19.000000Z,39,41
esa_api,publoco,14.8,49.4,2026-03-11T17:09:37.936966,71.9,84.9
questdb,0,15.3,50.0,2026-03-11T16:09:44.000000Z,52,53
questdb,1,15.2,48.5,2026-03-11T16:10:00.000000Z,44,44
esa_api,publoco,14.8,49.4,2026-03-11T17:10:08.646303,71.9,84.9
questdb,0,15.3,50.0,2026-03-11T16:10:17.000000Z,44,45
questdb,1,15.2,48.5,2026-03-11T16:10:24.000000Z,40,42
esa_api,publoco,14.5,51.9,2026-03-11T17:10:42.034715,50.7,61.8
questdb,0,15.3,50.1,2026-03-11T16:10:49.000000Z,42,44
questdb,1,15.2,48.5,2026-03-11T16:10:50.000000Z,38,41
esa_api,publoco,14.5,51.9,2026-03-11T17:11:12.693091,50.7,61.8
questdb,1,15.1,48.8,2026-03-11T16:11:33.000000Z,49,52
questdb,0,15.2,50.4,2026-03-11T16:11:34.000000Z,45,45
esa_api,publoco,14.7,50.8,2026-03-11T17:11:46.754732,46.5,57.3
questdb,0,15.2,50.4,2026-03-11T16:12:02.000000Z,46,48
questdb,1,15.1,49.0,2026-03-11T16:12:06.000000Z,55,56
esa_api,publoco,14.7,50.8,2026-03-11T17:12:17.810568,46.5,57.3
questdb,0,15.2,50.6,2026-03-11T16:12:28.000000Z,54,54
questdb,1,15.1,49.0,2026-03-11T16:12:31.000000Z,53,55
esa_api,publoco,14.7,50.8,2026-03-11T17:12:55.590884,46.5,57.3
questdb,0,15.2,50.6,2026-03-11T16:13:16.000000Z,54,55
questdb,1,15.1,49.1,2026-03-11T16:13:21.000000Z,49,50
esa_api,publoco,14.7,50.8,2026-03-11T17:13:27.684995,46.5,57.3
questdb,0,15.2,50.5,2026-03-11T16:13:41.000000Z,55,56
questdb,1,15.1,49.0,2026-03-11T16:13:43.000000Z,42,44
esa_api,publoco,14.7,50.8,2026-03-11T17:14:03.876575,46.5,57.3
questdb,0,15.2,50.2,2026-03-11T16:14:27.000000Z,44,44
questdb,1,15.1,48.7,2026-03-11T16:14:28.000000Z,42,43
esa_api,publoco,14.7,50.8,2026-03-11T17:14:34.877593,46.5,57.3
questdb,0,15.2,50.1,2026-03-11T16:14:50.000000Z,42,43
questdb,1,15.1,48.8,2026-03-11T16:14:51.000000Z,36,37
esa_api,publoco,14.7,50.8,2026-03-11T17:15:08.332318,46.5,57.3
questdb,0,15.2,50.2,2026-03-11T16:15:14.000000Z,36,38
questdb,1,15.1,48.9,2026-03-11T16:15:17.000000Z,43,46
esa_api,publoco,14.2,53.3,2026-03-11T17:15:43.172041,38.9,50.0
questdb,1,15.0,49.0,2026-03-11T16:16:02.000000Z,30,30
questdb,0,15.1,50.4,2026-03-11T16:16:08.000000Z,37,38
esa_api,publoco,14.2,53.3,2026-03-11T17:16:14.978110,38.9,50.0
questdb,1,15.0,49.1,2026-03-11T16:16:29.000000Z,30,30
questdb,0,15.1,50.5,2026-03-11T16:16:33.000000Z,45,46
esa_api,publoco,14.2,53.3,2026-03-11T17:16:49.332105,38.9,50.0
questdb,0,15.1,50.7,2026-03-11T16:16:55.000000Z,38,41
questdb,1,14.9,49.5,2026-03-11T16:17:13.000000Z,32,34
esa_api,publoco,14.2,53.3,2026-03-11T17:17:25.178820,38.9,50.0
questdb,1,14.9,49.6,2026-03-11T16:17:33.000000Z,36,37
questdb,0,15.0,51.0,2026-03-11T16:17:49.000000Z,33,35
esa_api,publoco,14.2,53.3,2026-03-11T17:17:55.829083,38.9,50.0
questdb,0,15.0,51.1,2026-03-11T16:18:11.000000Z,32,34
questdb,1,14.8,49.7,2026-03-11T16:18:15.000000Z,36,40
esa_api,publoco,14.2,53.3,2026-03-11T17:18:31.896287,38.9,50.0
questdb,1,14.8,49.6,2026-03-11T16:18:39.000000Z,35,39
questdb,0,15.0,51.0,2026-03-11T16:18:58.000000Z,39,42
esa_api,publoco,14.2,53.3,2026-03-11T17:19:06.471203,38.9,50.0
questdb,0,15.0,51.1,2026-03-11T16:19:20.000000Z,44,47
questdb,1,14.8,49.7,2026-03-11T16:19:22.000000Z,33,35
esa_api,publoco,14.2,53.3,2026-03-11T17:19:37.169314,38.9,50.0
questdb,0,14.9,51.2,2026-03-11T16:19:42.000000Z,36,36
questdb,1,14.8,49.8,2026-03-11T16:19:46.000000Z,30,33
esa_api,publoco,14.2,53.3,2026-03-11T17:20:09.203532,38.9,50.0
questdb,1,14.8,49.8,2026-03-11T16:20:14.000000Z,31,31
questdb,0,14.9,51.1,2026-03-11T16:20:29.000000Z,33,34
esa_api,publoco,14.1,54.0,2026-03-11T17:20:41.283589,34.5,43.2
questdb,0,15.0,51.1,2026-03-11T16:20:59.000000Z,32,32
questdb,1,14.8,49.6,2026-03-11T16:21:00.000000Z,29,31
esa_api,publoco,14.1,54.0,2026-03-11T17:21:11.882238,34.5,43.2
questdb,0,15.0,50.9,2026-03-11T16:21:21.000000Z,30,32
questdb,1,14.8,49.6,2026-03-11T16:21:23.000000Z,31,31
esa_api,publoco,14.1,54.0,2026-03-11T17:21:42.924341,34.5,43.2
questdb,0,15.0,50.9,2026-03-11T16:21:21.000000Z,30,32
questdb,1,14.8,49.6,2026-03-11T16:21:23.000000Z,31,31
esa_api,publoco,14.1,54.0,2026-03-11T17:22:14.708683,34.5,43.2
questdb,1,14.8,49.5,2026-03-11T16:22:22.000000Z,31,31
questdb,0,15.0,50.9,2026-03-11T16:22:35.000000Z,30,32
esa_api,publoco,14.1,54.0,2026-03-11T17:22:47.784686,34.5,43.2
questdb,1,14.8,49.5,2026-03-11T16:22:56.000000Z,30,32
questdb,0,15.0,50.8,2026-03-11T16:23:08.000000Z,30,32
esa_api,publoco,14.1,54.0,2026-03-11T17:23:19.013090,34.5,43.2
questdb,0,14.9,51.1,2026-03-11T16:23:34.000000Z,30,32
questdb,1,14.8,49.8,2026-03-11T16:23:46.000000Z,32,33
esa_api,publoco,14.1,54.0,2026-03-11T17:23:51.748033,34.5,43.2
questdb,1,14.8,49.8,2026-03-11T16:23:46.000000Z,32,33
questdb,0,14.9,51.2,2026-03-11T16:24:11.000000Z,34,36
esa_api,publoco,14.1,54.0,2026-03-11T17:24:22.453208,34.5,43.2
questdb,0,14.9,51.2,2026-03-11T16:24:11.000000Z,34,36
questdb,1,14.8,49.9,2026-03-11T16:24:27.000000Z,29,29
esa_api,publoco,14.1,54.0,2026-03-11T17:24:54.361058,34.5,43.2
questdb,0,14.9,51.3,2026-03-11T16:24:57.000000Z,32,33
questdb,1,14.8,50.0,2026-03-11T16:24:59.000000Z,29,29
esa_api,publoco,14.1,54.3,2026-03-11T17:25:25.271816,27.2,32.6
questdb,0,14.9,51.3,2026-03-11T16:24:57.000000Z,32,33
questdb,1,14.7,50.3,2026-03-11T16:25:27.000000Z,29,29
esa_api,publoco,14.1,54.3,2026-03-11T17:25:56.435446,27.2,32.6
questdb,0,14.8,51.5,2026-03-11T16:25:48.000000Z,32,32
questdb,1,14.7,50.2,2026-03-11T16:25:52.000000Z,31,32
esa_api,publoco,14.1,54.3,2026-03-11T17:26:26.956692,27.2,32.6
questdb,0,14.7,51.9,2026-03-11T16:26:27.000000Z,32,32
questdb,1,14.6,50.4,2026-03-11T16:26:45.000000Z,33,34
esa_api,publoco,14.1,54.3,2026-03-11T17:26:57.961983,27.2,32.6
questdb,1,14.6,50.5,2026-03-11T16:27:14.000000Z,33,34
questdb,0,14.6,52.0,2026-03-11T16:27:24.000000Z,32,32
esa_api,publoco,14.1,54.3,2026-03-11T17:27:29.222643,27.2,32.6
questdb,0,14.6,52.0,2026-03-11T16:27:24.000000Z,32,32
questdb,1,14.6,50.7,2026-03-11T16:27:42.000000Z,35,36
esa_api,publoco,14.1,54.3,2026-03-11T17:28:01.789269,27.2,32.6
questdb,0,14.6,52.0,2026-03-11T16:27:24.000000Z,32,32
questdb,1,14.6,50.6,2026-03-11T16:28:09.000000Z,31,33
esa_api,publoco,14.1,54.3,2026-03-11T17:28:33.317851,27.2,32.6
questdb,0,14.6,52.2,2026-03-11T16:28:01.000000Z,31,31
questdb,1,14.6,50.4,2026-03-11T16:28:59.000000Z,29,33
esa_api,publoco,14.1,54.3,2026-03-11T17:29:04.402781,27.2,32.6
questdb,1,14.6,50.5,2026-03-11T16:29:19.000000Z,30,34
questdb,0,14.7,52.0,2026-03-11T16:29:21.000000Z,26,28
esa_api,publoco,14.1,54.3,2026-03-11T17:29:35.451334,27.2,32.6
questdb,0,14.7,52.0,2026-03-11T16:29:21.000000Z,26,28
questdb,1,14.6,50.4,2026-03-11T16:29:44.000000Z,30,34
esa_api,publoco,14.1,54.3,2026-03-11T17:30:08.121956,27.2,32.6
questdb,1,14.6,50.7,2026-03-11T16:30:30.000000Z,32,33
questdb,0,14.6,52.1,2026-03-11T16:30:31.000000Z,32,35
esa_api,publoco,14.1,54.3,2026-03-11T17:30:38.628776,27.2,32.6
questdb,1,14.5,50.7,2026-03-11T16:30:51.000000Z,37,38
questdb,0,14.6,52.3,2026-03-11T16:30:55.000000Z,30,30
esa_api,publoco,14.1,54.3,2026-03-11T17:31:15.135981,27.2,32.6
questdb,1,14.4,50.7,2026-03-11T16:31:20.000000Z,34,36
questdb,0,14.5,52.3,2026-03-11T16:31:25.000000Z,30,31
esa_api,publoco,14.1,54.3,2026-03-11T17:31:48.192113,27.2,32.6
questdb,0,14.5,52.1,2026-03-11T16:31:50.000000Z,31,32
questdb,1,14.5,50.6,2026-03-11T16:32:15.000000Z,31,36
esa_api,publoco,14.1,54.3,2026-03-11T17:32:19.165288,27.2,32.6
questdb,1,14.5,50.6,2026-03-11T16:32:43.000000Z,32,33
questdb,0,14.6,52.1,2026-03-11T16:32:45.000000Z,31,31
esa_api,publoco,14.1,54.3,2026-03-11T17:32:51.046121,27.2,32.6
questdb,1,14.5,50.6,2026-03-11T16:32:43.000000Z,32,33
questdb,0,14.6,52.1,2026-03-11T16:32:45.000000Z,31,31
esa_api,publoco,14.1,54.3,2026-03-11T17:33:26.974984,27.2,32.6
questdb,1,14.5,50.6,2026-03-11T16:33:47.000000Z,29,30
questdb,0,14.6,52.1,2026-03-11T16:33:47.000000Z,32,33
esa_api,publoco,14.1,54.3,2026-03-11T17:33:57.494777,27.2,32.6
questdb,1,14.4,50.7,2026-03-11T16:34:09.000000Z,29,30
questdb,0,14.5,52.1,2026-03-11T16:34:11.000000Z,31,33
esa_api,publoco,14.1,54.3,2026-03-11T17:34:30.433494,27.2,32.6
questdb,0,14.5,52.2,2026-03-11T16:34:36.000000Z,34,35
questdb,1,14.4,50.8,2026-03-11T16:34:53.000000Z,32,33
esa_api,publoco,14.1,54.3,2026-03-11T17:35:02.082009,27.2,32.6
questdb,1,14.4,50.9,2026-03-11T16:35:18.000000Z,30,32
questdb,0,14.5,52.4,2026-03-11T16:35:26.000000Z,30,31
esa_api,publoco,14.1,54.3,2026-03-11T17:35:43.265917,27.2,32.6
questdb,1,14.4,51.0,2026-03-11T16:35:47.000000Z,30,30
questdb,0,14.4,52.5,2026-03-11T16:35:55.000000Z,33,33
esa_api,publoco,14.1,54.3,2026-03-11T17:36:15.961629,27.2,32.6
questdb,1,14.3,51.1,2026-03-11T16:36:35.000000Z,32,33
questdb,0,14.3,52.6,2026-03-11T16:36:42.000000Z,36,39
esa_api,publoco,14.1,54.3,2026-03-11T17:36:51.214568,27.2,32.6
questdb,1,14.3,51.2,2026-03-11T16:37:06.000000Z,33,34
questdb,0,14.3,52.8,2026-03-11T16:37:06.000000Z,32,34
questdb,1,14.3,51.2,2026-03-11T16:37:45.000000Z,33,33
questdb,0,14.3,52.8,2026-03-11T16:37:48.000000Z,34,36
esa_api,publoco,14.1,54.3,2026-03-11T17:38:16.828042,27.2,32.6
questdb,1,14.2,51.2,2026-03-11T16:38:16.000000Z,31,32
questdb,0,14.3,52.8,2026-03-11T16:38:18.000000Z,32,33
esa_api,publoco,14.1,54.3,2026-03-11T17:40:06.201407,27.2,32.6
questdb,0,14.3,52.9,2026-03-11T16:39:28.000000Z,34,34
questdb,1,14.1,51.5,2026-03-11T16:40:31.000000Z,32,33
esa_api,publoco,13.5,56.9,2026-03-11T17:40:37.898279,27.9,33.4
questdb,1,14.0,51.7,2026-03-11T16:40:56.000000Z,29,30
questdb,0,14.1,53.3,2026-03-11T16:41:00.000000Z,31,32
esa_api,publoco,13.5,56.9,2026-03-11T17:41:10.828112,27.9,33.4
questdb,1,14.0,51.6,2026-03-11T16:41:30.000000Z,32,32
questdb,0,14.1,53.3,2026-03-11T16:41:30.000000Z,30,31
esa_api,publoco,13.5,56.9,2026-03-11T17:41:42.843502,27.9,33.4
questdb,1,14.0,51.7,2026-03-11T16:41:55.000000Z,33,33
questdb,0,14.1,53.3,2026-03-11T16:41:56.000000Z,31,31
esa_api,publoco,13.5,56.9,2026-03-11T17:42:18.663655,27.9,33.4
questdb,1,13.9,51.8,2026-03-11T16:42:27.000000Z,36,36
questdb,0,14.0,53.4,2026-03-11T16:42:33.000000Z,30,31
esa_api,publoco,13.5,56.9,2026-03-11T17:42:52.638498,27.9,33.4
questdb,1,14.0,51.8,2026-03-11T16:42:57.000000Z,36,36
questdb,0,14.0,53.4,2026-03-11T16:43:01.000000Z,34,35
esa_api,publoco,13.5,56.9,2026-03-11T17:43:24.928448,27.9,33.4
questdb,0,14.0,53.5,2026-03-11T16:43:32.000000Z,35,36
questdb,1,13.9,51.9,2026-03-11T16:43:45.000000Z,33,35
esa_api,publoco,13.5,56.9,2026-03-11T17:43:58.011699,27.9,33.4
questdb,1,13.9,52.0,2026-03-11T16:44:07.000000Z,32,33
questdb,0,13.9,53.5,2026-03-11T16:44:21.000000Z,38,40
esa_api,publoco,13.5,56.9,2026-03-11T17:44:28.546504,27.9,33.4
questdb,0,13.9,53.6,2026-03-11T16:44:43.000000Z,31,32
questdb,1,13.9,52.1,2026-03-11T16:44:53.000000Z,32,33
esa_api,publoco,13.5,56.9,2026-03-11T17:44:59.138216,27.9,33.4
questdb,0,13.9,53.7,2026-03-11T16:45:06.000000Z,34,35
questdb,1,13.9,52.1,2026-03-11T16:45:16.000000Z,32,33
esa_api,publoco,13.3,57.9,2026-03-11T17:45:29.796838,28.2,34.2
questdb,1,13.9,52.1,2026-03-11T16:45:36.000000Z,33,33
questdb,0,13.9,53.7,2026-03-11T16:45:54.000000Z,31,32
esa_api,publoco,13.3,57.9,2026-03-11T17:46:00.556085,28.2,34.2
questdb,0,13.9,53.7,2026-03-11T16:46:16.000000Z,33,34
questdb,1,13.9,52.0,2026-03-11T16:46:21.000000Z,34,35
esa_api,publoco,13.3,57.9,2026-03-11T17:46:31.158942,28.2,34.2
questdb,0,13.9,53.7,2026-03-11T16:46:39.000000Z,31,34
questdb,1,13.9,52.1,2026-03-11T16:46:43.000000Z,31,32
esa_api,publoco,13.3,57.9,2026-03-11T17:47:01.759674,28.2,34.2
questdb,0,13.9,53.7,2026-03-11T16:47:24.000000Z,34,34
questdb,1,13.8,52.1,2026-03-11T16:47:28.000000Z,32,34
esa_api,publoco,13.3,57.9,2026-03-11T17:47:32.334624,28.2,34.2
questdb,0,13.8,53.8,2026-03-11T16:47:48.000000Z,33,34
questdb,1,13.8,52.2,2026-03-11T16:47:50.000000Z,33,35
esa_api,publoco,13.3,57.9,2026-03-11T17:48:02.893266,28.2,34.2
questdb,1,13.8,52.2,2026-03-11T16:48:11.000000Z,33,35
questdb,0,13.8,53.9,2026-03-11T16:48:13.000000Z,34,35
esa_api,publoco,13.3,57.9,2026-03-11T17:48:33.569179,28.2,34.2
questdb,0,13.8,54.0,2026-03-11T16:48:57.000000Z,33,33
questdb,1,13.8,52.3,2026-03-11T16:48:58.000000Z,31,33
esa_api,publoco,13.3,57.9,2026-03-11T17:49:04.211753,28.2,34.2
questdb,0,13.8,54.0,2026-03-11T16:49:19.000000Z,33,33
questdb,1,13.7,52.3,2026-03-11T16:49:20.000000Z,32,33
esa_api,publoco,13.3,57.9,2026-03-11T17:49:34.898663,28.2,34.2
questdb,0,13.8,54.0,2026-03-11T16:49:44.000000Z,33,33
questdb,1,13.7,52.4,2026-03-11T16:50:02.000000Z,34,34
esa_api,publoco,13.3,57.9,2026-03-11T17:50:05.559661,28.2,34.2
questdb,0,13.8,54.0,2026-03-11T16:50:08.000000Z,34,34
questdb,1,13.7,52.4,2026-03-11T16:50:24.000000Z,31,31
esa_api,publoco,13.0,59.0,2026-03-11T17:50:36.188762,34.0,43.6
questdb,1,13.7,52.5,2026-03-11T16:50:47.000000Z,31,31
questdb,0,13.7,54.2,2026-03-11T16:50:56.000000Z,33,34
esa_api,publoco,13.0,59.0,2026-03-11T17:51:10.360750,34.0,43.6
questdb,0,13.7,54.3,2026-03-11T16:51:19.000000Z,33,34
questdb,1,13.7,52.6,2026-03-11T16:51:32.000000Z,32,32
esa_api,publoco,13.0,59.0,2026-03-11T17:51:45.159423,34.0,43.6
questdb,1,13.6,52.6,2026-03-11T16:51:53.000000Z,34,36
questdb,0,13.6,54.4,2026-03-11T16:52:05.000000Z,34,34
esa_api,publoco,13.0,59.0,2026-03-11T17:52:17.302184,34.0,43.6
questdb,0,13.6,54.5,2026-03-11T16:52:27.000000Z,35,37
questdb,1,13.7,52.7,2026-03-11T16:52:40.000000Z,32,33
esa_api,publoco,13.0,59.0,2026-03-11T17:52:47.936060,34.0,43.6
questdb,1,13.6,52.7,2026-03-11T16:53:00.000000Z,33,33
questdb,0,13.6,54.6,2026-03-11T16:53:14.000000Z,34,35
esa_api,publoco,13.0,59.0,2026-03-11T17:53:18.550484,34.0,43.6
questdb,1,13.6,52.8,2026-03-11T16:53:23.000000Z,35,37
questdb,0,13.6,54.7,2026-03-11T16:53:38.000000Z,36,36
esa_api,publoco,13.0,59.0,2026-03-11T17:53:49.143305,34.0,43.6
questdb,0,13.5,54.6,2026-03-11T16:54:04.000000Z,33,34
questdb,1,13.5,52.8,2026-03-11T16:54:09.000000Z,35,38
esa_api,publoco,13.0,59.0,2026-03-11T17:54:19.781266,34.0,43.6
questdb,0,13.6,54.7,2026-03-11T16:54:29.000000Z,34,34
questdb,1,13.6,52.8,2026-03-11T16:54:30.000000Z,36,36
esa_api,publoco,13.0,59.0,2026-03-11T17:54:50.346420,34.0,43.6
questdb,0,13.6,54.6,2026-03-11T16:55:15.000000Z,36,36
questdb,1,13.6,52.7,2026-03-11T16:55:17.000000Z,35,36
esa_api,publoco,12.8,59.8,2026-03-11T17:55:20.987682,30.7,37.9
questdb,0,13.5,54.5,2026-03-11T16:55:38.000000Z,34,35
questdb,1,13.6,52.7,2026-03-11T16:55:39.000000Z,34,36
esa_api,publoco,12.8,59.8,2026-03-11T17:55:51.663562,30.7,37.9
questdb,1,13.6,52.7,2026-03-11T16:55:59.000000Z,33,35
questdb,0,13.5,54.5,2026-03-11T16:56:04.000000Z,33,37
esa_api,publoco,12.8,59.8,2026-03-11T17:56:22.289616,30.7,37.9
questdb,0,13.5,54.6,2026-03-11T16:56:30.000000Z,36,37
questdb,1,13.6,52.7,2026-03-11T16:56:41.000000Z,34,35
esa_api,publoco,12.8,59.8,2026-03-11T17:56:52.915906,30.7,37.9
questdb,1,13.5,52.7,2026-03-11T16:57:03.000000Z,34,35
questdb,0,13.5,54.7,2026-03-11T16:57:20.000000Z,37,38
esa_api,publoco,12.8,59.8,2026-03-11T17:57:23.524948,30.7,37.9
questdb,0,13.5,54.5,2026-03-11T16:57:43.000000Z,36,39
questdb,1,13.6,52.6,2026-03-11T16:57:47.000000Z,32,34
esa_api,publoco,12.8,59.8,2026-03-11T17:57:54.184426,30.7,37.9
questdb,0,13.5,54.5,2026-03-11T16:58:06.000000Z,35,37
questdb,1,13.5,52.6,2026-03-11T16:58:12.000000Z,33,34
esa_api,publoco,12.8,59.8,2026-03-11T17:58:24.810491,30.7,37.9
source,sensor_id,temperature,humidity,timestamp,pm25,pm10
questdb,0,11.3,27.6,2026-04-29T15:13:05.000000Z,0,0
questdb,2,20.8,18.4,2026-04-29T15:13:09.000000Z,0,0
questdb,3,12.3,31.9,2026-04-29T15:13:11.000000Z,0,0
esa_api,publoco,8.5,30.9,2026-04-29T17:13:27.686163,0.6,0.8
questdb,2,20.1,15.8,2026-04-29T15:13:46.000000Z,0,0
questdb,0,11.6,28.8,2026-04-29T15:13:49.000000Z,0,0
questdb,3,12.7,26.3,2026-04-29T15:13:51.000000Z,0,0
esa_api,publoco,8.5,30.9,2026-04-29T17:13:58.962021,0.6,0.8
questdb,0,11.7,27.8,2026-04-29T15:14:08.000000Z,0,0
questdb,3,12.6,26.4,2026-04-29T15:14:09.000000Z,0,0
questdb,2,18.7,14.3,2026-04-29T15:14:10.000000Z,2,2
esa_api,publoco,8.5,30.9,2026-04-29T17:14:29.687861,0.6,0.8
questdb,0,11.7,27.8,2026-04-29T15:14:08.000000Z,0,0
questdb,2,18.7,14.3,2026-04-29T15:14:10.000000Z,2,2
questdb,3,12.6,26.1,2026-04-29T15:14:29.000000Z,0,0
esa_api,publoco,8.0,32.7,2026-04-29T17:15:40.737399,0.2,0.5
questdb,2,17.4,14.3,2026-04-29T15:15:54.000000Z,2,2
questdb,0,11.8,27.7,2026-04-29T15:15:56.000000Z,0,0
questdb,3,12.5,26.3,2026-04-29T15:16:01.000000Z,0,0
esa_api,publoco,8.0,32.7,2026-04-29T17:16:11.429919,0.2,0.5
questdb,0,11.8,27.7,2026-04-29T15:15:56.000000Z,0,0
questdb,3,12.5,26.3,2026-04-29T15:16:01.000000Z,0,0
questdb,2,16.4,14.8,2026-04-29T15:16:23.000000Z,1,1
esa_api,publoco,8.0,32.7,2026-04-29T17:16:42.322335,0.2,0.5
questdb,0,11.8,27.7,2026-04-29T15:15:56.000000Z,0,0
questdb,3,12.4,27.4,2026-04-29T15:16:45.000000Z,0,0
questdb,2,13.8,18.2,2026-04-29T15:16:58.000000Z,1,1
esa_api,publoco,8.0,32.7,2026-04-29T17:17:13.115051,0.2,0.5
questdb,0,11.8,27.7,2026-04-29T15:15:56.000000Z,0,0
questdb,3,12.3,27.1,2026-04-29T15:17:28.000000Z,0,0
questdb,2,13.5,18.8,2026-04-29T15:17:30.000000Z,0,0
esa_api,publoco,8.0,32.7,2026-04-29T17:17:43.890955,0.2,0.5
questdb,2,13.1,19.4,2026-04-29T15:17:52.000000Z,0,0
questdb,0,12.1,27.0,2026-04-29T15:18:04.000000Z,0,0
questdb,3,12.4,26.8,2026-04-29T15:18:07.000000Z,0,0
esa_api,publoco,8.0,32.7,2026-04-29T17:18:15.917785,0.2,0.5
questdb,0,11.9,26.4,2026-04-29T15:18:24.000000Z,0,0
questdb,2,12.6,19.5,2026-04-29T15:18:31.000000Z,0,0
questdb,3,12.4,26.8,2026-04-29T15:18:32.000000Z,0,0
esa_api,publoco,8.0,32.7,2026-04-29T17:18:46.664642,0.2,0.5
questdb,0,12.0,26.6,2026-04-29T15:18:44.000000Z,0,0
questdb,2,12.5,19.9,2026-04-29T15:18:50.000000Z,0,0
questdb,3,12.5,27.5,2026-04-29T15:18:59.000000Z,0,0
esa_api,publoco,8.0,32.7,2026-04-29T17:19:17.335910,0.2,0.5
questdb,3,12.5,27.8,2026-04-29T15:19:20.000000Z,0,0
questdb,0,12.1,26.7,2026-04-29T15:19:21.000000Z,0,0
questdb,2,12.5,24.4,2026-04-29T15:19:31.000000Z,0,0
esa_api,publoco,8.0,32.7,2026-04-29T17:19:49.128399,0.2,0.5
questdb,0,12.1,26.7,2026-04-29T15:19:45.000000Z,0,0
questdb,3,12.6,26.8,2026-04-29T15:20:07.000000Z,0,0
questdb,2,12.5,24.8,2026-04-29T15:20:11.000000Z,0,0
esa_api,publoco,8.1,33.1,2026-04-29T17:20:19.853564,0.1,0.1
questdb,3,12.7,26.3,2026-04-29T15:20:29.000000Z,0,0
questdb,2,12.5,24.6,2026-04-29T15:20:31.000000Z,0,0
questdb,0,12.1,26.7,2026-04-29T15:20:38.000000Z,0,0
esa_api,publoco,8.1,33.1,2026-04-29T17:20:50.645788,0.1,0.1
questdb,0,12.2,26.4,2026-04-29T15:21:00.000000Z,0,0
questdb,2,12.5,24.5,2026-04-29T15:21:07.000000Z,0,0
questdb,3,12.8,27.0,2026-04-29T15:21:08.000000Z,0,0
esa_api,publoco,8.1,33.1,2026-04-29T17:21:21.373841,0.1,0.1
questdb,2,12.4,24.7,2026-04-29T15:21:26.000000Z,0,0
questdb,0,12.4,26.6,2026-04-29T15:21:32.000000Z,0,0
questdb,3,12.9,27.1,2026-04-29T15:21:32.000000Z,0,0
esa_api,publoco,8.1,33.1,2026-04-29T17:21:52.200234,0.1,0.1
questdb,0,12.5,26.7,2026-04-29T15:21:56.000000Z,0,0
questdb,2,12.2,24.6,2026-04-29T15:22:07.000000Z,0,0
questdb,3,12.8,25.9,2026-04-29T15:22:14.000000Z,0,0
esa_api,publoco,8.1,33.1,2026-04-29T17:22:22.984235,0.1,0.1
questdb,0,12.7,26.3,2026-04-29T15:22:22.000000Z,0,0
questdb,3,12.8,25.8,2026-04-29T15:22:33.000000Z,0,0
questdb,2,12.1,24.5,2026-04-29T15:22:34.000000Z,0,0
esa_api,publoco,8.1,33.1,2026-04-29T17:22:53.934164,0.1,0.1
questdb,0,12.7,26.3,2026-04-29T15:22:22.000000Z,0,0
questdb,3,12.7,26.3,2026-04-29T15:23:07.000000Z,0,0
questdb,2,12.0,24.6,2026-04-29T15:23:12.000000Z,0,0
esa_api,publoco,8.1,33.1,2026-04-29T17:23:24.694432,0.1,0.1
questdb,2,12.0,24.6,2026-04-29T15:23:31.000000Z,0,0
questdb,0,12.8,25.6,2026-04-29T15:23:42.000000Z,0,0
questdb,3,12.1,26.4,2026-04-29T15:23:48.000000Z,0,0
esa_api,publoco,8.1,33.1,2026-04-29T17:23:55.501684,0.1,0.1
questdb,0,12.8,25.6,2026-04-29T15:23:42.000000Z,0,0
questdb,3,11.8,26.6,2026-04-29T15:24:12.000000Z,0,0
questdb,2,11.5,24.5,2026-04-29T15:24:17.000000Z,0,0
esa_api,publoco,8.1,33.1,2026-04-29T17:24:27.943373,0.1,0.1
questdb,3,11.8,27.2,2026-04-29T15:24:34.000000Z,0,0
questdb,0,11.5,25.4,2026-04-29T15:24:39.000000Z,0,0
questdb,2,11.4,24.9,2026-04-29T15:24:42.000000Z,0,0
esa_api,publoco,8.1,33.1,2026-04-29T17:25:02.897320,0.1,0.1
questdb,3,11.2,26.2,2026-04-29T15:25:06.000000Z,0,0
questdb,0,11.2,25.7,2026-04-29T15:25:07.000000Z,0,0
questdb,2,11.2,25.1,2026-04-29T15:25:27.000000Z,0,0
esa_api,publoco,8.3,31.6,2026-04-29T17:25:33.861609,0.2,0.3
questdb,0,11.2,25.7,2026-04-29T15:25:07.000000Z,0,0
questdb,2,11.2,25.1,2026-04-29T15:25:27.000000Z,0,0
questdb,3,10.9,26.9,2026-04-29T15:25:27.000000Z,0,0
esa_api,publoco,8.3,31.6,2026-04-29T17:26:07.935446,0.2,0.3
questdb,0,11.2,25.7,2026-04-29T15:25:07.000000Z,0,0
questdb,2,11.2,25.1,2026-04-29T15:25:27.000000Z,0,0
questdb,3,10.9,26.9,2026-04-29T15:25:27.000000Z,0,0
esa_api,publoco,8.3,31.6,2026-04-29T17:26:38.828553,0.2,0.3
questdb,0,10.7,26.4,2026-04-29T15:26:52.000000Z,0,0
questdb,2,11.1,24.9,2026-04-29T15:26:56.000000Z,0,0
questdb,3,10.6,27.0,2026-04-29T15:26:56.000000Z,0,0
esa_api,publoco,8.3,31.6,2026-04-29T17:27:09.821173,0.2,0.3
questdb,2,10.7,24.9,2026-04-29T15:27:20.000000Z,0,0
questdb,3,10.1,28.3,2026-04-29T15:27:30.000000Z,0,0
questdb,0,10.3,26.5,2026-04-29T15:27:32.000000Z,0,0
esa_api,publoco,8.3,31.6,2026-04-29T17:27:40.680364,0.2,0.3
questdb,2,9.900001,25.9,2026-04-29T15:27:47.000000Z,0,0
questdb,3,10.2,28.9,2026-04-29T15:27:53.000000Z,0,0
questdb,0,9.7,27.8,2026-04-29T15:28:00.000000Z,0,0
esa_api,publoco,8.3,31.6,2026-04-29T17:28:11.756347,0.2,0.3
questdb,2,9.900001,25.9,2026-04-29T15:27:47.000000Z,0,0
questdb,0,9.7,27.8,2026-04-29T15:28:00.000000Z,0,0
questdb,3,10.2,28.6,2026-04-29T15:28:13.000000Z,0,0
esa_api,publoco,8.3,31.6,2026-04-29T17:28:44.876574,0.2,0.3
questdb,2,9.900001,26.4,2026-04-29T15:28:42.000000Z,0,0
questdb,0,9.900001,28.2,2026-04-29T15:28:59.000000Z,0,0
questdb,3,10.3,28.0,2026-04-29T15:29:03.000000Z,0,0
esa_api,publoco,8.3,31.6,2026-04-29T17:29:16.127647,0.2,0.3
questdb,0,9.900001,28.2,2026-04-29T15:28:59.000000Z,0,0
questdb,3,10.3,28.0,2026-04-29T15:29:03.000000Z,0,0
questdb,2,9.8,26.5,2026-04-29T15:29:10.000000Z,0,0
esa_api,publoco,8.3,31.6,2026-04-29T17:29:47.466400,0.2,0.3
questdb,0,9.900001,28.2,2026-04-29T15:28:59.000000Z,0,0
questdb,2,9.7,26.7,2026-04-29T15:29:56.000000Z,0,0
questdb,3,10.3,28.0,2026-04-29T15:30:01.000000Z,0,0
esa_api,publoco,8.3,31.6,2026-04-29T17:30:17.972597,0.2,0.3
questdb,3,10.3,28.0,2026-04-29T15:30:01.000000Z,0,0
questdb,0,10.1,28.2,2026-04-29T15:30:14.000000Z,0,0
questdb,2,9.7,26.6,2026-04-29T15:30:38.000000Z,0,0
esa_api,publoco,8.1,31.5,2026-04-29T17:30:48.485108,0.5,0.9
questdb,3,10.3,28.0,2026-04-29T15:30:01.000000Z,0,0
questdb,2,9.6,26.4,2026-04-29T15:31:00.000000Z,0,0
questdb,0,10.1,27.6,2026-04-29T15:31:10.000000Z,0,0
esa_api,publoco,8.1,31.5,2026-04-29T17:31:18.984581,0.5,0.9
questdb,3,10.4,27.8,2026-04-29T15:30:43.000000Z,0,0
questdb,0,10.1,27.6,2026-04-29T15:31:10.000000Z,0,0
questdb,2,9.6,26.5,2026-04-29T15:31:20.000000Z,0,0
esa_api,publoco,8.1,31.5,2026-04-29T17:31:49.570334,0.5,0.9
questdb,3,10.4,27.8,2026-04-29T15:30:43.000000Z,0,0
questdb,0,10.1,27.3,2026-04-29T15:31:30.000000Z,0,0
questdb,2,9.5,26.3,2026-04-29T15:32:06.000000Z,0,0
esa_api,publoco,8.1,31.5,2026-04-29T17:32:20.097097,0.5,0.9
questdb,3,10.4,27.8,2026-04-29T15:30:43.000000Z,0,0
questdb,2,9.400001,26.5,2026-04-29T15:32:28.000000Z,0,0
questdb,0,9.7,27.0,2026-04-29T15:32:37.000000Z,0,0
esa_api,publoco,8.1,31.5,2026-04-29T17:32:50.550789,0.5,0.9
questdb,3,9.900001,28.1,2026-04-29T15:32:56.000000Z,0,0
questdb,0,9.5,27.8,2026-04-29T15:33:07.000000Z,0,0
questdb,2,9.5,27.3,2026-04-29T15:33:08.000000Z,0,0
esa_api,publoco,8.1,31.5,2026-04-29T17:33:21.598107,0.5,0.9
questdb,0,9.7,28.5,2026-04-29T15:33:28.000000Z,0,0
questdb,2,9.5,27.4,2026-04-29T15:33:30.000000Z,0,0
questdb,3,10.1,29.5,2026-04-29T15:33:37.000000Z,0,0
esa_api,publoco,8.1,31.5,2026-04-29T17:33:52.207260,0.5,0.9
questdb,3,10.2,29.5,2026-04-29T15:33:56.000000Z,0,0
questdb,2,9.5,27.8,2026-04-29T15:34:08.000000Z,0,0
questdb,0,10.1,28.9,2026-04-29T15:34:12.000000Z,0,0
esa_api,publoco,8.1,31.5,2026-04-29T17:34:22.751988,0.5,0.9
questdb,2,9.6,27.9,2026-04-29T15:34:28.000000Z,0,0
questdb,0,10.3,28.7,2026-04-29T15:34:33.000000Z,0,0
questdb,3,10.4,28.8,2026-04-29T15:34:39.000000Z,0,0
esa_api,publoco,8.1,31.5,2026-04-29T17:34:53.293369,0.5,0.9
questdb,2,9.7,28.0,2026-04-29T15:34:54.000000Z,0,0
questdb,3,10.5,28.8,2026-04-29T15:35:00.000000Z,0,0
questdb,0,10.6,28.3,2026-04-29T15:35:13.000000Z,0,0
esa_api,publoco,7.8,32.3,2026-04-29T17:35:23.793333,0.3,0.6
questdb,0,10.6,28.1,2026-04-29T15:35:33.000000Z,0,0
questdb,2,9.8,27.7,2026-04-29T15:35:41.000000Z,0,0
questdb,3,10.6,28.1,2026-04-29T15:35:45.000000Z,0,0
esa_api,publoco,7.8,32.3,2026-04-29T17:35:54.427980,0.3,0.6
questdb,0,10.6,28.1,2026-04-29T15:35:33.000000Z,0,0
questdb,3,10.7,28.0,2026-04-29T15:36:03.000000Z,0,0
questdb,2,9.8,27.4,2026-04-29T15:36:05.000000Z,0,0
esa_api,publoco,7.8,32.3,2026-04-29T17:36:24.958360,0.3,0.6
questdb,2,9.900001,27.3,2026-04-29T15:36:29.000000Z,0,0
questdb,0,10.7,27.9,2026-04-29T15:36:31.000000Z,0,0
questdb,3,10.8,28.1,2026-04-29T15:36:39.000000Z,0,0
esa_api,publoco,7.8,32.3,2026-04-29T17:36:55.506282,0.3,0.6
questdb,2,10.1,27.5,2026-04-29T15:37:10.000000Z,0,0
questdb,0,11.0,27.4,2026-04-29T15:37:10.000000Z,0,0
questdb,3,10.8,28.2,2026-04-29T15:37:15.000000Z,0,0
esa_api,publoco,7.8,32.3,2026-04-29T17:37:26.068259,0.3,0.6
questdb,0,11.1,27.4,2026-04-29T15:37:30.000000Z,0,0
questdb,2,10.1,27.4,2026-04-29T15:37:33.000000Z,0,0
questdb,3,10.9,28.1,2026-04-29T15:37:34.000000Z,0,0
esa_api,publoco,7.8,32.3,2026-04-29T17:37:56.577854,0.3,0.6
questdb,3,11.0,28.5,2026-04-29T15:38:10.000000Z,0,0
questdb,0,11.2,27.5,2026-04-29T15:38:14.000000Z,0,0
questdb,2,10.1,27.4,2026-04-29T15:38:16.000000Z,0,0
esa_api,publoco,7.8,32.3,2026-04-29T17:38:27.204366,0.3,0.6
questdb,0,11.3,27.4,2026-04-29T15:38:33.000000Z,0,0
questdb,2,10.2,27.6,2026-04-29T15:38:38.000000Z,0,0
questdb,3,11.0,28.2,2026-04-29T15:38:48.000000Z,0,0
esa_api,publoco,7.8,32.3,2026-04-29T17:38:57.854341,0.3,0.6
questdb,3,11.0,28.2,2026-04-29T15:38:48.000000Z,0,0
questdb,0,11.4,27.4,2026-04-29T15:38:56.000000Z,0,0
questdb,2,10.2,27.5,2026-04-29T15:38:57.000000Z,0,0
esa_api,publoco,7.8,32.3,2026-04-29T17:39:28.535126,0.3,0.6
questdb,3,11.0,28.2,2026-04-29T15:38:48.000000Z,0,0
questdb,0,11.4,27.4,2026-04-29T15:38:56.000000Z,0,0
questdb,2,10.2,27.5,2026-04-29T15:38:57.000000Z,0,0
questdb,3,11.0,28.2,2026-04-29T15:38:48.000000Z,0,0
questdb,0,11.4,27.4,2026-04-29T15:38:56.000000Z,0,0
questdb,2,10.2,27.5,2026-04-29T15:38:57.000000Z,0,0
esa_api,publoco,7.9,32.5,2026-04-29T17:40:39.547510,0.0,0.1
questdb,3,11.0,28.2,2026-04-29T15:38:48.000000Z,0,0
questdb,0,11.4,27.4,2026-04-29T15:38:56.000000Z,0,0
questdb,2,10.2,27.5,2026-04-29T15:38:57.000000Z,0,0
esa_api,publoco,7.9,32.5,2026-04-29T17:41:10.204113,0.0,0.1
questdb,3,11.6,27.5,2026-04-29T15:41:30.000000Z,0,0
questdb,0,11.6,26.8,2026-04-29T15:41:33.000000Z,0,0
questdb,2,10.3,27.2,2026-04-29T15:41:34.000000Z,0,0
esa_api,publoco,7.9,32.5,2026-04-29T17:41:40.775233,0.0,0.1
questdb,3,11.7,27.3,2026-04-29T15:41:48.000000Z,0,0
questdb,0,12.0,26.2,2026-04-29T15:41:56.000000Z,0,0
questdb,2,10.6,26.8,2026-04-29T15:41:57.000000Z,0,0
esa_api,publoco,7.9,32.5,2026-04-29T17:42:11.519865,0.0,0.1
questdb,2,10.7,26.8,2026-04-29T15:42:16.000000Z,0,0
questdb,0,12.0,26.1,2026-04-29T15:42:17.000000Z,0,0
questdb,3,11.7,26.8,2026-04-29T15:42:25.000000Z,0,0
esa_api,publoco,7.9,32.5,2026-04-29T17:42:44.072495,0.0,0.1
questdb,2,10.7,26.3,2026-04-29T15:43:01.000000Z,0,0
questdb,3,11.9,26.4,2026-04-29T15:43:03.000000Z,0,0
questdb,0,12.1,25.8,2026-04-29T15:43:03.000000Z,0,0
esa_api,publoco,7.9,32.5,2026-04-29T17:43:14.681701,0.0,0.1
questdb,2,10.7,26.2,2026-04-29T15:43:22.000000Z,0,0
questdb,0,12.1,25.5,2026-04-29T15:43:23.000000Z,0,0
questdb,3,11.7,26.3,2026-04-29T15:43:24.000000Z,0,0
esa_api,publoco,7.9,32.5,2026-04-29T17:43:45.262128,0.0,0.1
questdb,3,11.8,26.6,2026-04-29T15:44:00.000000Z,0,0
questdb,2,10.8,26.2,2026-04-29T15:44:01.000000Z,0,0
questdb,0,12.0,25.6,2026-04-29T15:44:07.000000Z,0,0
esa_api,publoco,7.9,32.5,2026-04-29T17:44:15.936361,0.0,0.1
questdb,3,11.7,26.2,2026-04-29T15:44:18.000000Z,0,0
questdb,2,10.7,25.9,2026-04-29T15:44:21.000000Z,0,0
questdb,0,12.1,25.9,2026-04-29T15:44:30.000000Z,0,0
esa_api,publoco,7.9,32.5,2026-04-29T17:44:47.695950,0.0,0.1
questdb,3,11.8,27.1,2026-04-29T15:45:01.000000Z,0,0
questdb,2,10.7,25.9,2026-04-29T15:45:08.000000Z,0,0
questdb,0,12.1,25.8,2026-04-29T15:45:11.000000Z,0,0
esa_api,publoco,7.9,32.5,2026-04-29T17:45:18.804006,0.0,0.1
questdb,3,11.8,26.9,2026-04-29T15:45:19.000000Z,0,0
questdb,2,10.7,26.0,2026-04-29T15:45:28.000000Z,0,0
questdb,0,12.1,25.8,2026-04-29T15:45:39.000000Z,0,0
esa_api,publoco,8.1,31.4,2026-04-29T17:45:49.496185,0.1,0.3
questdb,0,12.1,25.7,2026-04-29T15:46:00.000000Z,0,0
questdb,3,11.8,25.8,2026-04-29T15:46:03.000000Z,0,0
questdb,2,10.7,26.0,2026-04-29T15:46:07.000000Z,0,0
esa_api,publoco,8.1,31.4,2026-04-29T17:46:21.732493,0.1,0.3
questdb,0,12.1,25.2,2026-04-29T15:46:26.000000Z,0,0
questdb,2,10.7,25.6,2026-04-29T15:46:27.000000Z,0,0
questdb,3,11.8,25.6,2026-04-29T15:46:44.000000Z,0,0
esa_api,publoco,8.1,31.4,2026-04-29T17:46:52.514937,0.1,0.3
questdb,3,11.8,26.2,2026-04-29T15:47:03.000000Z,0,0
questdb,2,10.7,25.5,2026-04-29T15:47:11.000000Z,0,0
questdb,0,12.0,25.0,2026-04-29T15:47:13.000000Z,0,0
esa_api,publoco,8.1,31.4,2026-04-29T17:47:23.246114,0.1,0.3
questdb,3,11.8,26.8,2026-04-29T15:47:32.000000Z,0,0
questdb,2,10.6,25.6,2026-04-29T15:47:34.000000Z,0,0
questdb,0,12.0,25.1,2026-04-29T15:47:40.000000Z,0,0
esa_api,publoco,8.1,31.4,2026-04-29T17:47:55.036753,0.1,0.3
questdb,0,12.0,25.5,2026-04-29T15:48:09.000000Z,0,0
questdb,2,10.7,26.1,2026-04-29T15:48:15.000000Z,0,0
questdb,3,11.8,27.2,2026-04-29T15:48:16.000000Z,0,0
esa_api,publoco,8.1,31.4,2026-04-29T17:48:25.763471,0.1,0.3
questdb,0,12.0,25.7,2026-04-29T15:48:30.000000Z,0,0
questdb,2,10.7,26.3,2026-04-29T15:48:35.000000Z,0,0
questdb,3,11.8,26.1,2026-04-29T15:48:37.000000Z,0,0
esa_api,publoco,8.1,31.4,2026-04-29T17:48:56.612903,0.1,0.3
questdb,3,11.8,26.4,2026-04-29T15:48:58.000000Z,0,0
questdb,2,10.7,25.9,2026-04-29T15:49:15.000000Z,0,0
questdb,0,12.1,25.6,2026-04-29T15:49:20.000000Z,0,0
esa_api,publoco,8.1,31.4,2026-04-29T17:49:27.421960,0.1,0.3
questdb,2,10.7,25.9,2026-04-29T15:49:40.000000Z,0,0
questdb,0,12.2,25.4,2026-04-29T15:49:41.000000Z,0,0
questdb,3,11.8,27.9,2026-04-29T15:49:45.000000Z,0,0
esa_api,publoco,8.1,31.4,2026-04-29T17:49:57.954898,0.1,0.3
questdb,2,10.7,26.0,2026-04-29T15:50:02.000000Z,0,0
questdb,3,11.8,26.6,2026-04-29T15:50:03.000000Z,0,0
questdb,0,12.1,25.5,2026-04-29T15:50:04.000000Z,0,0
esa_api,publoco,8.1,31.4,2026-04-29T17:50:29.561720,0.0,0.2
questdb,0,12.0,25.6,2026-04-29T15:50:28.000000Z,0,0
questdb,3,11.6,27.0,2026-04-29T15:50:43.000000Z,0,0
questdb,2,10.6,26.1,2026-04-29T15:50:53.000000Z,0,0
questdb,2,10.6,26.4,2026-04-29T15:51:14.000000Z,0,0
questdb,3,11.6,28.5,2026-04-29T15:51:20.000000Z,0,0
questdb,0,11.5,25.7,2026-04-29T15:51:21.000000Z,0,0
esa_api,publoco,8.1,31.4,2026-04-29T17:51:34.804746,0.0,0.2
questdb,3,11.5,27.8,2026-04-29T15:51:41.000000Z,0,0
questdb,0,11.5,26.8,2026-04-29T15:51:41.000000Z,0,0
questdb,2,10.6,27.1,2026-04-29T15:51:53.000000Z,0,0
esa_api,publoco,8.1,31.4,2026-04-29T17:52:05.468772,0.0,0.2
questdb,2,10.5,26.8,2026-04-29T15:52:13.000000Z,0,0
questdb,3,11.3,28.4,2026-04-29T15:52:20.000000Z,0,0
questdb,0,11.1,26.8,2026-04-29T15:52:28.000000Z,0,0
esa_api,publoco,8.1,31.4,2026-04-29T17:52:36.120670,0.0,0.2
questdb,2,10.5,26.7,2026-04-29T15:52:33.000000Z,0,0
questdb,0,11.2,27.2,2026-04-29T15:52:49.000000Z,0,0
questdb,3,11.5,28.3,2026-04-29T15:52:59.000000Z,0,0
esa_api,publoco,8.1,31.4,2026-04-29T17:53:06.840361,0.0,0.2
questdb,0,11.3,27.4,2026-04-29T15:53:14.000000Z,0,0
questdb,3,11.4,27.2,2026-04-29T15:53:17.000000Z,0,0
questdb,2,10.5,27.2,2026-04-29T15:53:22.000000Z,0,0
esa_api,publoco,8.1,31.4,2026-04-29T17:53:37.588023,0.0,0.2
questdb,0,11.3,27.3,2026-04-29T15:53:35.000000Z,0,0
questdb,3,11.3,28.0,2026-04-29T15:54:00.000000Z,0,0
questdb,2,10.5,27.1,2026-04-29T15:54:01.000000Z,0,0
esa_api,publoco,8.1,31.4,2026-04-29T17:54:08.164193,0.0,0.2
questdb,2,10.5,27.1,2026-04-29T15:54:01.000000Z,0,0
questdb,0,11.3,27.1,2026-04-29T15:54:01.000000Z,0,0
questdb,3,11.3,28.4,2026-04-29T15:54:24.000000Z,0,0
esa_api,publoco,8.1,31.4,2026-04-29T17:54:38.806606,0.0,0.2
questdb,2,10.5,27.1,2026-04-29T15:54:01.000000Z,0,0
questdb,3,11.3,28.4,2026-04-29T15:54:24.000000Z,0,0
questdb,0,11.2,27.3,2026-04-29T15:54:30.000000Z,0,0
questdb,2,10.5,27.1,2026-04-29T15:54:01.000000Z,0,0
questdb,3,11.3,28.4,2026-04-29T15:54:24.000000Z,0,0
questdb,0,11.2,27.3,2026-04-29T15:54:30.000000Z,0,0
esa_api,publoco,8.3,32.8,2026-04-29T17:56:59.606547,0.1,0.2
questdb,2,10.5,27.1,2026-04-29T15:54:01.000000Z,0,0
questdb,3,11.3,28.4,2026-04-29T15:54:24.000000Z,0,0
questdb,0,11.2,27.3,2026-04-29T15:54:30.000000Z,0,0
esa_api,publoco,8.3,32.8,2026-04-29T17:57:30.215358,0.1,0.2
questdb,2,10.5,27.1,2026-04-29T15:54:01.000000Z,0,0
questdb,3,11.3,28.4,2026-04-29T15:54:24.000000Z,0,0
questdb,0,11.2,27.3,2026-04-29T15:54:30.000000Z,0,0
esa_api,publoco,8.3,32.8,2026-04-29T17:58:00.874579,0.1,0.2
questdb,2,10.5,27.1,2026-04-29T15:54:01.000000Z,0,0
questdb,3,11.3,28.4,2026-04-29T15:54:24.000000Z,0,0
questdb,0,11.2,27.3,2026-04-29T15:54:30.000000Z,0,0
esa_api,publoco,8.3,32.8,2026-04-29T17:58:31.534036,0.1,0.2
questdb,2,10.5,27.1,2026-04-29T15:54:01.000000Z,0,0
questdb,3,11.3,28.4,2026-04-29T15:54:24.000000Z,0,0
questdb,0,11.2,27.3,2026-04-29T15:54:30.000000Z,0,0
esa_api,publoco,8.3,32.8,2026-04-29T17:59:02.176713,0.1,0.2
questdb,2,10.5,27.1,2026-04-29T15:54:01.000000Z,0,0
questdb,3,11.3,28.4,2026-04-29T15:54:24.000000Z,0,0
questdb,0,11.2,27.3,2026-04-29T15:54:30.000000Z,0,0
esa_api,publoco,8.3,32.8,2026-04-29T17:59:32.923468,0.1,0.2
questdb,2,10.5,27.1,2026-04-29T15:54:01.000000Z,0,0
questdb,3,11.3,28.4,2026-04-29T15:54:24.000000Z,0,0
questdb,0,11.2,27.3,2026-04-29T15:54:30.000000Z,0,0
esa_api,publoco,8.3,32.8,2026-04-29T18:00:03.644458,0.1,0.2
questdb,2,10.5,27.1,2026-04-29T15:54:01.000000Z,0,0
questdb,3,11.3,28.4,2026-04-29T15:54:24.000000Z,0,0
questdb,0,11.2,27.3,2026-04-29T15:54:30.000000Z,0,0
esa_api,publoco,8.2,32.8,2026-04-29T18:00:34.287696,0.0,0.3
questdb,2,10.5,27.1,2026-04-29T15:54:01.000000Z,0,0
questdb,3,11.3,28.4,2026-04-29T15:54:24.000000Z,0,0
questdb,0,11.2,27.3,2026-04-29T15:54:30.000000Z,0,0
esa_api,publoco,8.2,32.8,2026-04-29T18:01:04.946864,0.0,0.3
questdb,2,10.5,27.1,2026-04-29T15:54:01.000000Z,0,0
questdb,3,11.3,28.4,2026-04-29T15:54:24.000000Z,0,0
questdb,0,11.2,27.3,2026-04-29T15:54:30.000000Z,0,0
esa_api,publoco,8.2,32.8,2026-04-29T18:01:35.640251,0.0,0.3
questdb,2,10.5,27.1,2026-04-29T15:54:01.000000Z,0,0
questdb,3,11.3,28.4,2026-04-29T15:54:24.000000Z,0,0
questdb,0,11.2,27.3,2026-04-29T15:54:30.000000Z,0,0
esa_api,publoco,8.2,32.8,2026-04-29T18:02:06.398744,0.0,0.3
questdb,0,11.3,27.4,2026-04-29T16:02:02.000000Z,0,0
questdb,2,10.4,27.0,2026-04-29T16:02:03.000000Z,0,0
questdb,3,11.4,27.9,2026-04-29T16:02:03.000000Z,0,0
esa_api,publoco,8.2,32.8,2026-04-29T18:02:37.324567,0.0,0.3
questdb,0,14.6,45.9,2026-05-13T14:50:18.000000Z,1,1
questdb,3,14.5,44.7,2026-05-13T14:50:22.000000Z,1,1
questdb,2,14.6,44.2,2026-05-13T14:50:26.000000Z,1,1
esa_api,publoco,14.3,48.4,2026-05-13T16:50:34.456315,3.3,3.7
questdb,0,14.5,45.6,2026-05-13T14:50:44.000000Z,4,4
questdb,3,14.3,44.3,2026-05-13T14:50:45.000000Z,2,2
questdb,2,14.6,44.1,2026-05-13T14:50:53.000000Z,0,0
esa_api,publoco,14.3,48.4,2026-05-13T16:51:05.119124,3.3,3.7
questdb,0,14.5,45.3,2026-05-13T14:51:09.000000Z,2,2
questdb,2,14.4,43.7,2026-05-13T14:51:16.000000Z,0,0
questdb,3,14.2,45.6,2026-05-13T14:51:26.000000Z,1,1
esa_api,publoco,14.3,48.4,2026-05-13T16:51:35.795055,3.3,3.7
questdb,3,14.2,45.8,2026-05-13T14:51:47.000000Z,1,1
questdb,0,14.3,45.7,2026-05-13T14:51:55.000000Z,2,3
questdb,2,14.3,44.3,2026-05-13T14:52:00.000000Z,0,0
esa_api,publoco,14.3,48.4,2026-05-13T16:52:06.621084,3.3,3.7
questdb,0,14.3,46.0,2026-05-13T14:52:19.000000Z,2,2
questdb,2,14.3,44.8,2026-05-13T14:52:20.000000Z,0,0
questdb,3,14.4,45.0,2026-05-13T14:52:33.000000Z,0,0
esa_api,publoco,14.3,48.4,2026-05-13T16:52:37.463469,3.3,3.7
questdb,2,14.3,45.0,2026-05-13T14:52:40.000000Z,0,0
questdb,0,14.3,46.3,2026-05-13T14:52:48.000000Z,2,2
questdb,3,14.4,45.3,2026-05-13T14:52:54.000000Z,1,1
esa_api,publoco,14.3,48.4,2026-05-13T16:53:08.289511,3.3,3.7
questdb,0,14.3,46.3,2026-05-13T14:53:14.000000Z,2,2
questdb,2,14.4,44.6,2026-05-13T14:53:26.000000Z,0,0
questdb,3,14.4,45.7,2026-05-13T14:53:35.000000Z,1,1
esa_api,publoco,14.3,48.4,2026-05-13T16:53:40.014526,3.3,3.7
questdb,2,14.4,44.6,2026-05-13T14:53:48.000000Z,1,1
questdb,3,14.5,46.0,2026-05-13T14:53:55.000000Z,0,0
questdb,0,14.3,46.3,2026-05-13T14:54:05.000000Z,2,2
esa_api,publoco,14.3,48.4,2026-05-13T16:54:09.633256,3.3,3.7
questdb,2,14.4,45.3,2026-05-13T14:54:29.000000Z,0,0
questdb,0,14.4,46.7,2026-05-13T14:54:29.000000Z,1,1
questdb,3,14.6,45.6,2026-05-13T14:54:37.000000Z,1,1
esa_api,publoco,14.3,48.4,2026-05-13T16:54:40.325744,3.3,3.7
questdb,2,14.5,45.3,2026-05-13T14:54:50.000000Z,0,0
questdb,0,14.5,46.8,2026-05-13T14:54:54.000000Z,1,1
questdb,3,14.7,45.4,2026-05-13T14:54:59.000000Z,0,0
esa_api,publoco,14.3,48.4,2026-05-13T16:55:11.035722,3.3,3.7
questdb,2,14.5,45.3,2026-05-13T14:55:15.000000Z,0,0
questdb,0,14.5,46.8,2026-05-13T14:55:18.000000Z,1,1
questdb,3,14.7,45.8,2026-05-13T14:55:19.000000Z,0,0
esa_api,publoco,14.1,47.7,2026-05-13T16:55:41.694299,2.7,3.3
questdb,0,14.5,46.9,2026-05-13T14:55:53.000000Z,1,1
questdb,2,14.6,45.5,2026-05-13T14:56:01.000000Z,0,0
questdb,3,14.8,45.1,2026-05-13T14:56:04.000000Z,0,0
esa_api,publoco,14.1,47.7,2026-05-13T16:56:12.536700,2.7,3.3
questdb,0,14.6,46.8,2026-05-13T14:56:18.000000Z,1,1
questdb,3,14.8,44.4,2026-05-13T14:56:24.000000Z,0,0
questdb,2,14.6,45.3,2026-05-13T14:56:24.000000Z,0,0
esa_api,publoco,14.1,47.7,2026-05-13T16:56:43.146055,2.7,3.3
questdb,3,14.9,43.8,2026-05-13T14:57:05.000000Z,0,0
questdb,2,14.7,45.2,2026-05-13T14:57:07.000000Z,0,0
questdb,0,14.7,46.7,2026-05-13T14:57:07.000000Z,1,1
esa_api,publoco,14.1,47.7,2026-05-13T16:57:13.822297,2.7,3.3
questdb,3,14.8,44.1,2026-05-13T14:57:31.000000Z,0,0
questdb,0,14.7,46.1,2026-05-13T14:57:34.000000Z,1,1
questdb,2,14.7,44.5,2026-05-13T14:57:36.000000Z,0,0
esa_api,publoco,14.1,47.7,2026-05-13T16:57:45.512132,2.7,3.3
questdb,3,14.8,44.0,2026-05-13T14:57:56.000000Z,0,0
questdb,2,14.7,44.1,2026-05-13T14:57:59.000000Z,0,0
questdb,0,14.7,45.7,2026-05-13T14:58:04.000000Z,0,0
esa_api,publoco,14.1,47.7,2026-05-13T16:58:16.290279,2.7,3.3
questdb,0,14.7,45.4,2026-05-13T14:58:28.000000Z,0,0
questdb,3,14.8,44.4,2026-05-13T14:58:36.000000Z,0,0
questdb,2,14.7,44.0,2026-05-13T14:58:41.000000Z,1,1
esa_api,publoco,14.1,47.7,2026-05-13T16:58:47.084367,2.7,3.3
questdb,0,14.7,45.4,2026-05-13T14:58:52.000000Z,3,3
questdb,3,14.7,45.2,2026-05-13T14:59:00.000000Z,0,0
questdb,2,14.7,44.0,2026-05-13T14:59:02.000000Z,0,0
esa_api,publoco,14.1,47.7,2026-05-13T16:59:17.827623,2.7,3.3
questdb,0,14.7,45.7,2026-05-13T14:59:17.000000Z,2,2
questdb,2,14.7,44.6,2026-05-13T14:59:27.000000Z,0,0
questdb,3,14.8,45.1,2026-05-13T14:59:46.000000Z,0,0
esa_api,publoco,14.1,47.7,2026-05-13T16:59:48.501658,2.7,3.3
questdb,3,14.9,45.2,2026-05-13T15:00:05.000000Z,0,0
questdb,2,14.7,45.1,2026-05-13T15:00:09.000000Z,0,0
questdb,0,14.7,46.4,2026-05-13T15:00:13.000000Z,2,2
esa_api,publoco,14.2,48.3,2026-05-13T17:00:19.277362,2.4,2.7
questdb,2,14.8,45.2,2026-05-13T15:00:33.000000Z,1,1
questdb,0,14.7,46.6,2026-05-13T15:00:37.000000Z,2,2
questdb,3,14.9,44.5,2026-05-13T15:00:47.000000Z,1,1
esa_api,publoco,14.2,48.3,2026-05-13T17:00:50.003639,2.4,2.7
questdb,2,14.8,44.5,2026-05-13T15:00:57.000000Z,1,1
questdb,0,14.8,46.2,2026-05-13T15:01:02.000000Z,1,1
questdb,3,14.8,44.2,2026-05-13T15:01:08.000000Z,0,0
esa_api,publoco,14.2,48.3,2026-05-13T17:01:20.662799,2.4,2.7
esa_api,publoco,14.2,48.3,2026-05-13T17:02:03.406777,2.4,2.7
questdb,2,14.7,43.6,2026-05-13T15:02:07.000000Z,1,2
questdb,3,14.7,44.7,2026-05-13T15:02:11.000000Z,1,1
questdb,0,14.6,45.1,2026-05-13T15:02:21.000000Z,1,1
esa_api,publoco,14.2,48.3,2026-05-13T17:02:34.159768,2.4,2.7
questdb,2,14.7,43.6,2026-05-13T15:02:29.000000Z,1,1
questdb,0,14.6,45.5,2026-05-13T15:02:46.000000Z,2,2
questdb,3,14.7,44.9,2026-05-13T15:02:59.000000Z,0,0
esa_api,publoco,14.2,48.3,2026-05-13T17:03:05.004001,2.4,2.7
questdb,0,14.5,45.6,2026-05-13T15:03:16.000000Z,1,1
questdb,3,14.7,44.7,2026-05-13T15:03:23.000000Z,0,0
questdb,2,14.5,44.4,2026-05-13T15:03:28.000000Z,1,1
esa_api,publoco,14.2,48.3,2026-05-13T17:03:35.950970,2.4,2.7
questdb,0,14.4,46.0,2026-05-13T15:03:41.000000Z,1,1
questdb,3,14.7,44.4,2026-05-13T15:03:44.000000Z,0,0
questdb,2,14.5,44.4,2026-05-13T15:03:50.000000Z,0,0
esa_api,publoco,14.2,48.3,2026-05-13T17:04:06.675544,2.4,2.7
questdb,0,14.4,46.0,2026-05-13T15:04:05.000000Z,1,1
questdb,3,14.6,44.4,2026-05-13T15:04:27.000000Z,0,0
questdb,2,14.5,44.0,2026-05-13T15:04:31.000000Z,0,0
esa_api,publoco,14.2,48.3,2026-05-13T17:04:37.349194,2.4,2.7
questdb,0,14.5,45.8,2026-05-13T15:04:33.000000Z,2,2
questdb,3,14.6,44.8,2026-05-13T15:04:51.000000Z,1,1
questdb,2,14.5,44.1,2026-05-13T15:04:55.000000Z,0,0
esa_api,publoco,14.2,48.3,2026-05-13T17:05:08.031054,2.4,2.7
questdb,3,14.6,44.5,2026-05-13T15:05:15.000000Z,2,2
questdb,2,14.5,44.3,2026-05-13T15:05:19.000000Z,1,1
questdb,0,14.5,45.7,2026-05-13T15:05:21.000000Z,2,3
esa_api,publoco,14.2,47.2,2026-05-13T17:05:38.750690,2.5,2.9
questdb,0,14.5,45.7,2026-05-13T15:05:45.000000Z,1,1
questdb,3,14.6,43.5,2026-05-13T15:05:57.000000Z,0,0
questdb,2,14.6,43.8,2026-05-13T15:06:00.000000Z,0,0
esa_api,publoco,14.2,47.2,2026-05-13T17:06:09.477055,2.5,2.9
questdb,3,14.6,43.7,2026-05-13T15:06:21.000000Z,0,0
questdb,2,14.6,43.4,2026-05-13T15:06:22.000000Z,0,0
questdb,0,14.5,44.9,2026-05-13T15:06:35.000000Z,1,1
esa_api,publoco,14.2,47.2,2026-05-13T17:06:40.158638,2.5,2.9
questdb,0,14.5,44.8,2026-05-13T15:07:00.000000Z,1,1
questdb,3,14.6,43.3,2026-05-13T15:07:05.000000Z,0,0
questdb,2,14.6,43.0,2026-05-13T15:07:08.000000Z,0,0
esa_api,publoco,14.2,47.2,2026-05-13T17:07:10.912373,2.5,2.9
questdb,3,14.5,43.9,2026-05-13T15:07:25.000000Z,1,1
questdb,0,14.6,44.5,2026-05-13T15:07:26.000000Z,0,0
questdb,2,14.6,42.8,2026-05-13T15:07:28.000000Z,0,0
esa_api,publoco,14.2,47.2,2026-05-13T17:07:41.687470,2.5,2.9
questdb,3,14.6,43.9,2026-05-13T15:07:46.000000Z,0,0
questdb,2,14.6,43.0,2026-05-13T15:07:50.000000Z,0,0
questdb,0,14.6,44.5,2026-05-13T15:07:56.000000Z,0,0
esa_api,publoco,14.2,47.2,2026-05-13T17:08:12.439750,2.5,2.9
questdb,0,14.6,44.8,2026-05-13T15:08:23.000000Z,0,1
questdb,3,14.6,44.0,2026-05-13T15:08:32.000000Z,0,0
questdb,2,14.7,43.0,2026-05-13T15:08:34.000000Z,0,0
esa_api,publoco,14.2,47.2,2026-05-13T17:08:43.199224,2.5,2.9
questdb,2,14.7,43.1,2026-05-13T15:08:54.000000Z,0,0
questdb,0,14.7,44.7,2026-05-13T15:08:55.000000Z,0,0
questdb,3,14.6,44.4,2026-05-13T15:08:59.000000Z,0,0
esa_api,publoco,14.2,47.2,2026-05-13T17:09:13.965218,2.5,2.9
questdb,0,14.6,44.7,2026-05-13T15:09:22.000000Z,0,0
questdb,2,14.7,43.4,2026-05-13T15:09:36.000000Z,0,0
questdb,3,14.6,43.7,2026-05-13T15:09:41.000000Z,0,1
esa_api,publoco,14.2,47.2,2026-05-13T17:09:44.683215,2.5,2.9
questdb,0,14.6,44.9,2026-05-13T15:09:50.000000Z,0,0
questdb,2,14.7,43.1,2026-05-13T15:09:57.000000Z,1,1
questdb,3,14.6,44.0,2026-05-13T15:10:02.000000Z,0,0
esa_api,publoco,14.2,47.2,2026-05-13T17:10:15.401383,2.5,2.9
questdb,3,14.6,43.9,2026-05-13T15:10:23.000000Z,0,1
questdb,2,14.8,43.2,2026-05-13T15:10:42.000000Z,0,0
questdb,0,14.6,45.0,2026-05-13T15:10:42.000000Z,0,0
esa_api,publoco,13.8,47.3,2026-05-13T17:10:46.127371,2.8,3.4
questdb,2,14.8,43.1,2026-05-13T15:11:05.000000Z,0,0
questdb,3,14.6,43.6,2026-05-13T15:11:05.000000Z,0,0
questdb,0,14.6,45.0,2026-05-13T15:11:09.000000Z,2,2
esa_api,publoco,13.8,47.3,2026-05-13T17:11:16.904329,2.8,3.4
questdb,3,14.6,43.7,2026-05-13T15:11:26.000000Z,0,1
questdb,2,14.8,42.8,2026-05-13T15:11:29.000000Z,0,0
questdb,0,14.6,44.7,2026-05-13T15:11:37.000000Z,2,2
esa_api,publoco,13.8,47.3,2026-05-13T17:11:47.694089,2.8,3.4
questdb,0,14.7,44.7,2026-05-13T15:12:04.000000Z,1,1
questdb,2,14.8,43.2,2026-05-13T15:12:13.000000Z,0,0
questdb,3,14.5,43.6,2026-05-13T15:12:14.000000Z,1,2
esa_api,publoco,13.8,47.3,2026-05-13T17:12:18.539302,2.8,3.4
questdb,0,14.7,44.9,2026-05-13T15:12:33.000000Z,1,1
questdb,3,14.5,43.8,2026-05-13T15:12:35.000000Z,1,1
questdb,2,14.8,42.8,2026-05-13T15:12:36.000000Z,1,1
esa_api,publoco,13.8,47.3,2026-05-13T17:12:49.330841,2.8,3.4
questdb,2,14.7,42.7,2026-05-13T15:12:57.000000Z,1,1
questdb,0,14.6,44.5,2026-05-13T15:12:58.000000Z,1,1
questdb,3,14.4,44.5,2026-05-13T15:13:17.000000Z,0,0
esa_api,publoco,13.8,47.3,2026-05-13T17:13:20.057152,2.8,3.4
questdb,0,14.6,44.5,2026-05-13T15:13:23.000000Z,1,1
questdb,3,14.4,44.7,2026-05-13T15:13:37.000000Z,0,0
questdb,2,14.5,43.4,2026-05-13T15:13:40.000000Z,0,0
esa_api,publoco,13.8,47.3,2026-05-13T17:13:50.849310,2.8,3.4
questdb,3,14.4,43.9,2026-05-13T15:13:58.000000Z,0,0
questdb,2,14.5,43.6,2026-05-13T15:14:03.000000Z,0,0
questdb,0,14.4,45.0,2026-05-13T15:14:14.000000Z,1,2
esa_api,publoco,13.8,47.3,2026-05-13T17:14:21.575418,2.8,3.4
questdb,0,14.4,45.0,2026-05-13T15:14:42.000000Z,1,3
questdb,3,14.4,44.4,2026-05-13T15:14:44.000000Z,7,7
questdb,2,14.5,43.7,2026-05-13T15:14:50.000000Z,6,6
esa_api,publoco,13.8,47.3,2026-05-13T17:14:52.317493,2.8,3.4
questdb,3,14.4,43.7,2026-05-13T15:15:08.000000Z,1,2
questdb,0,14.4,45.4,2026-05-13T15:15:09.000000Z,1,2
questdb,2,14.5,43.7,2026-05-13T15:15:11.000000Z,2,2
esa_api,publoco,13.6,47.6,2026-05-13T17:15:23.126246,3.2,3.6
questdb,3,14.5,43.9,2026-05-13T15:15:32.000000Z,0,0
questdb,2,14.6,43.2,2026-05-13T15:15:34.000000Z,2,2
questdb,0,14.4,45.0,2026-05-13T15:15:39.000000Z,6,7
esa_api,publoco,13.6,47.6,2026-05-13T17:15:53.852925,3.2,3.6
questdb,2,14.6,43.1,2026-05-13T15:15:55.000000Z,2,3
questdb,0,14.4,44.9,2026-05-13T15:16:05.000000Z,2,2
questdb,3,14.5,44.0,2026-05-13T15:16:16.000000Z,0,1
esa_api,publoco,13.6,47.6,2026-05-13T17:16:24.616447,3.2,3.6
questdb,0,14.4,44.8,2026-05-13T15:16:33.000000Z,2,2
questdb,3,14.5,44.4,2026-05-13T15:16:40.000000Z,0,0
questdb,2,14.6,43.2,2026-05-13T15:16:47.000000Z,0,0
esa_api,publoco,13.6,47.6,2026-05-13T17:16:55.421685,3.2,3.6
questdb,0,14.4,45.2,2026-05-13T15:17:01.000000Z,1,1
questdb,2,14.7,43.4,2026-05-13T15:17:12.000000Z,0,0
questdb,3,14.5,44.7,2026-05-13T15:17:13.000000Z,0,0
esa_api,publoco,13.6,47.6,2026-05-13T17:17:26.180922,3.2,3.6
questdb,0,14.5,45.4,2026-05-13T15:17:28.000000Z,1,1
questdb,3,14.5,43.8,2026-05-13T15:17:40.000000Z,0,0
questdb,2,14.7,43.3,2026-05-13T15:17:55.000000Z,0,0
esa_api,publoco,13.6,47.6,2026-05-13T17:17:56.955842,3.2,3.6
questdb,3,14.5,44.3,2026-05-13T15:18:01.000000Z,0,0
questdb,2,14.6,43.3,2026-05-13T15:18:15.000000Z,0,0
questdb,0,14.5,45.1,2026-05-13T15:18:20.000000Z,1,2
esa_api,publoco,13.6,47.6,2026-05-13T17:18:27.765753,3.2,3.6
questdb,2,14.6,43.3,2026-05-13T15:18:42.000000Z,0,0
questdb,0,14.4,45.0,2026-05-13T15:18:45.000000Z,1,2
questdb,3,14.4,43.8,2026-05-13T15:18:48.000000Z,0,0
esa_api,publoco,13.6,47.6,2026-05-13T17:18:58.625939,3.2,3.6
questdb,2,14.6,43.1,2026-05-13T15:19:06.000000Z,0,0
questdb,3,14.5,44.5,2026-05-13T15:19:11.000000Z,0,0
questdb,0,14.5,44.8,2026-05-13T15:19:15.000000Z,1,1
esa_api,publoco,13.6,47.6,2026-05-13T17:19:29.466827,3.2,3.6
questdb,2,14.7,43.1,2026-05-13T15:19:26.000000Z,0,0
questdb,3,14.5,44.0,2026-05-13T15:19:35.000000Z,0,0
questdb,0,14.5,44.9,2026-05-13T15:19:48.000000Z,1,2
esa_api,publoco,13.6,47.6,2026-05-13T17:20:00.208764,3.2,3.6
questdb,2,14.7,43.5,2026-05-13T15:19:50.000000Z,1,1
questdb,0,14.6,45.1,2026-05-13T15:20:16.000000Z,1,1
questdb,3,14.5,44.1,2026-05-13T15:20:21.000000Z,1,1
esa_api,publoco,13.4,48.1,2026-05-13T17:20:31.002836,2.4,3.0
questdb,3,14.6,44.0,2026-05-13T15:20:42.000000Z,0,0
questdb,0,14.6,45.0,2026-05-13T15:20:43.000000Z,1,1
questdb,2,14.7,43.2,2026-05-13T15:20:54.000000Z,0,0
esa_api,publoco,13.4,48.1,2026-05-13T17:21:02.720538,2.4,3.0
questdb,0,14.6,44.9,2026-05-13T15:21:09.000000Z,1,1
questdb,2,14.7,43.2,2026-05-13T15:21:16.000000Z,0,0
questdb,3,14.6,44.9,2026-05-13T15:21:29.000000Z,0,0
esa_api,publoco,13.4,48.1,2026-05-13T17:21:33.556567,2.4,3.0
questdb,0,14.6,44.9,2026-05-13T15:21:45.000000Z,1,1
questdb,3,14.6,44.6,2026-05-13T15:21:50.000000Z,0,0
questdb,2,14.6,43.9,2026-05-13T15:21:59.000000Z,0,0
esa_api,publoco,13.4,48.1,2026-05-13T17:22:04.413673,2.4,3.0
questdb,3,14.6,44.7,2026-05-13T15:22:11.000000Z,0,0
questdb,0,14.6,45.3,2026-05-13T15:22:12.000000Z,1,1
questdb,2,14.7,43.9,2026-05-13T15:22:20.000000Z,0,0
esa_api,publoco,13.4,48.1,2026-05-13T17:22:35.176852,2.4,3.0
questdb,0,14.6,45.5,2026-05-13T15:22:41.000000Z,1,1
questdb,2,14.7,43.9,2026-05-13T15:22:46.000000Z,1,1
questdb,3,14.7,44.1,2026-05-13T15:22:54.000000Z,0,0
esa_api,publoco,13.4,48.1,2026-05-13T17:23:05.980503,2.4,3.0
questdb,0,14.6,45.7,2026-05-13T15:23:13.000000Z,1,1
questdb,3,14.7,44.5,2026-05-13T15:23:17.000000Z,0,0
questdb,2,14.9,43.7,2026-05-13T15:23:34.000000Z,1,1
esa_api,publoco,13.4,48.1,2026-05-13T17:23:36.799305,2.4,3.0
questdb,0,14.7,45.5,2026-05-13T15:23:40.000000Z,1,1
questdb,2,14.9,44.1,2026-05-13T15:23:56.000000Z,1,1
questdb,3,14.7,45.3,2026-05-13T15:24:03.000000Z,0,0
esa_api,publoco,13.4,48.1,2026-05-13T17:24:07.666365,2.4,3.0
questdb,0,14.8,45.9,2026-05-13T15:24:10.000000Z,1,1
questdb,2,14.9,44.1,2026-05-13T15:24:17.000000Z,1,1
questdb,3,14.7,44.9,2026-05-13T15:24:24.000000Z,0,0
esa_api,publoco,13.4,48.1,2026-05-13T17:24:38.393328,2.4,3.0
questdb,0,14.8,45.9,2026-05-13T15:24:35.000000Z,1,1
questdb,3,14.8,45.1,2026-05-13T15:24:49.000000Z,0,0
questdb,2,14.9,44.2,2026-05-13T15:25:00.000000Z,0,0
esa_api,publoco,13.4,48.1,2026-05-13T17:25:09.035392,2.4,3.0
questdb,2,14.9,44.3,2026-05-13T15:25:22.000000Z,0,0
questdb,0,14.8,46.1,2026-05-13T15:25:35.000000Z,1,1
questdb,3,14.8,44.9,2026-05-13T15:25:36.000000Z,0,0
esa_api,publoco,13.4,49.1,2026-05-13T17:25:39.615835,2.8,3.3
questdb,2,14.9,44.5,2026-05-13T15:25:49.000000Z,0,0
questdb,3,14.8,44.9,2026-05-13T15:25:57.000000Z,0,0
questdb,0,14.7,46.1,2026-05-13T15:26:00.000000Z,1,1
esa_api,publoco,13.4,49.1,2026-05-13T17:26:10.270155,2.8,3.3
questdb,3,14.9,44.5,2026-05-13T15:26:19.000000Z,0,0
questdb,0,14.8,46.2,2026-05-13T15:26:28.000000Z,1,1
questdb,2,15.0,44.1,2026-05-13T15:26:35.000000Z,0,0
esa_api,publoco,13.4,49.1,2026-05-13T17:26:40.880220,2.8,3.3
questdb,3,14.9,44.4,2026-05-13T15:26:43.000000Z,0,0
questdb,0,14.9,45.9,2026-05-13T15:26:55.000000Z,1,1
questdb,2,15.1,43.8,2026-05-13T15:27:04.000000Z,0,0
esa_api,publoco,13.4,49.1,2026-05-13T17:27:11.606343,2.8,3.3
questdb,0,14.9,45.7,2026-05-13T15:27:25.000000Z,3,3
questdb,2,15.1,43.7,2026-05-13T15:27:27.000000Z,5,5
questdb,3,15.0,44.8,2026-05-13T15:27:36.000000Z,3,3
esa_api,publoco,13.4,49.1,2026-05-13T17:27:42.298150,2.8,3.3
questdb,2,15.1,44.1,2026-05-13T15:27:49.000000Z,1,1
questdb,0,14.9,46.1,2026-05-13T15:27:56.000000Z,3,3
questdb,3,14.9,44.5,2026-05-13T15:28:00.000000Z,1,2
esa_api,publoco,13.4,49.1,2026-05-13T17:28:12.859017,2.8,3.3
questdb,0,14.8,46.0,2026-05-13T15:28:20.000000Z,3,4
questdb,3,14.9,44.2,2026-05-13T15:28:22.000000Z,3,3
questdb,2,15.1,43.8,2026-05-13T15:28:36.000000Z,5,5
esa_api,publoco,13.4,49.1,2026-05-13T17:28:43.416609,2.8,3.3
questdb,0,14.9,45.8,2026-05-13T15:28:46.000000Z,6,6
questdb,2,15.2,43.6,2026-05-13T15:29:01.000000Z,2,2
questdb,3,15.0,44.6,2026-05-13T15:29:05.000000Z,2,2
esa_api,publoco,13.4,49.1,2026-05-13T17:29:14.008775,2.8,3.3
questdb,0,15.0,45.7,2026-05-13T15:29:16.000000Z,7,8
questdb,2,15.1,43.6,2026-05-13T15:29:22.000000Z,5,5
questdb,3,15.0,44.4,2026-05-13T15:29:28.000000Z,6,6
esa_api,publoco,13.4,49.1,2026-05-13T17:29:44.685075,2.8,3.3
questdb,3,15.0,45.2,2026-05-13T15:29:54.000000Z,3,3
questdb,2,15.2,43.8,2026-05-13T15:30:06.000000Z,9,10
questdb,0,15.0,45.6,2026-05-13T15:30:10.000000Z,1,1
esa_api,publoco,13.4,49.1,2026-05-13T17:30:15.314875,2.8,3.3
questdb,2,15.2,43.9,2026-05-13T15:30:27.000000Z,1,1
questdb,0,14.9,45.7,2026-05-13T15:30:39.000000Z,1,1
questdb,3,14.8,44.3,2026-05-13T15:30:42.000000Z,1,1
esa_api,publoco,13.5,49.8,2026-05-13T17:30:45.871950,3.9,4.7
questdb,3,14.7,44.9,2026-05-13T15:31:03.000000Z,0,0
questdb,0,14.9,45.2,2026-05-13T15:31:07.000000Z,1,1
questdb,2,15.0,43.4,2026-05-13T15:31:12.000000Z,0,0
esa_api,publoco,13.5,49.8,2026-05-13T17:31:16.448355,3.9,4.7
questdb,3,14.7,45.0,2026-05-13T15:31:28.000000Z,0,1
questdb,0,14.9,45.3,2026-05-13T15:31:35.000000Z,1,1
questdb,2,15.0,43.6,2026-05-13T15:31:36.000000Z,2,3
esa_api,publoco,13.5,49.8,2026-05-13T17:31:47.006676,3.9,4.7
questdb,2,15.0,44.0,2026-05-13T15:31:59.000000Z,8,8
questdb,0,14.8,45.7,2026-05-13T15:32:02.000000Z,1,1
questdb,3,14.6,45.3,2026-05-13T15:32:13.000000Z,6,6
esa_api,publoco,13.5,49.8,2026-05-13T17:32:17.614715,3.9,4.7
questdb,3,14.6,45.0,2026-05-13T15:32:35.000000Z,3,3
questdb,0,14.8,45.4,2026-05-13T15:32:35.000000Z,2,2
questdb,2,14.8,43.9,2026-05-13T15:32:43.000000Z,2,2
esa_api,publoco,13.5,49.8,2026-05-13T17:32:48.291754,3.9,4.7
questdb,3,14.6,45.7,2026-05-13T15:32:57.000000Z,2,2
questdb,0,14.7,45.7,2026-05-13T15:33:03.000000Z,7,8
questdb,2,14.8,43.9,2026-05-13T15:33:06.000000Z,1,1
esa_api,publoco,13.5,49.8,2026-05-13T17:33:18.891888,3.9,4.7
questdb,2,14.8,44.3,2026-05-13T15:33:32.000000Z,0,0
questdb,0,14.6,46.2,2026-05-13T15:33:32.000000Z,1,1
questdb,3,14.6,45.2,2026-05-13T15:33:44.000000Z,1,1
esa_api,publoco,13.5,49.8,2026-05-13T17:33:50.591720,3.9,4.7
questdb,2,14.8,44.4,2026-05-13T15:33:55.000000Z,1,1
questdb,0,14.5,46.3,2026-05-13T15:34:02.000000Z,1,2
questdb,3,14.5,44.9,2026-05-13T15:34:09.000000Z,0,0
esa_api,publoco,13.5,49.8,2026-05-13T17:34:21.173312,3.9,4.7
questdb,3,14.5,44.6,2026-05-13T15:34:31.000000Z,0,2
questdb,2,14.8,44.3,2026-05-13T15:34:31.000000Z,3,3
questdb,0,14.4,46.3,2026-05-13T15:34:31.000000Z,1,2
esa_api,publoco,13.5,49.8,2026-05-13T17:34:51.844266,3.9,4.7
questdb,0,14.3,46.0,2026-05-13T15:34:58.000000Z,1,1
questdb,3,14.5,45.6,2026-05-13T15:35:15.000000Z,3,3
questdb,2,14.6,43.9,2026-05-13T15:35:19.000000Z,0,0
esa_api,publoco,13.3,49.4,2026-05-13T17:35:23.444178,3.4,3.8
questdb,0,14.3,46.2,2026-05-13T15:35:29.000000Z,3,4
questdb,3,14.5,46.1,2026-05-13T15:35:40.000000Z,2,2
questdb,2,14.6,44.6,2026-05-13T15:35:41.000000Z,4,4
esa_api,publoco,13.3,49.4,2026-05-13T17:35:55.128284,3.4,3.8
questdb,0,14.3,46.8,2026-05-13T15:35:57.000000Z,2,2
questdb,3,14.5,46.8,2026-05-13T15:36:05.000000Z,2,2
questdb,2,14.6,45.1,2026-05-13T15:36:07.000000Z,2,2
esa_api,publoco,13.3,49.4,2026-05-13T17:36:25.739793,3.4,3.8
questdb,0,14.3,47.3,2026-05-13T15:36:25.000000Z,4,5
questdb,3,14.5,48.9,2026-05-13T15:36:49.000000Z,0,1
questdb,2,14.5,46.7,2026-05-13T15:36:50.000000Z,1,1
esa_api,publoco,13.3,49.4,2026-05-13T17:36:56.356378,3.4,3.8
questdb,2,14.5,47.6,2026-05-13T15:37:12.000000Z,0,1
questdb,3,14.5,49.3,2026-05-13T15:37:13.000000Z,0,1
questdb,0,14.1,49.6,2026-05-13T15:37:22.000000Z,1,1
esa_api,publoco,13.3,49.4,2026-05-13T17:37:26.974872,3.4,3.8
questdb,2,14.5,48.2,2026-05-13T15:37:38.000000Z,0,0
questdb,3,14.4,48.8,2026-05-13T15:37:39.000000Z,0,0
questdb,0,14.1,50.6,2026-05-13T15:37:49.000000Z,0,0
esa_api,publoco,13.3,49.4,2026-05-13T17:37:57.732721,3.4,3.8
questdb,0,14.1,50.3,2026-05-13T15:38:18.000000Z,0,0
questdb,2,14.4,47.9,2026-05-13T15:38:21.000000Z,0,0
questdb,3,14.3,49.2,2026-05-13T15:38:24.000000Z,0,0
esa_api,publoco,13.3,49.4,2026-05-13T17:38:28.347300,3.4,3.8
questdb,0,13.9,50.5,2026-05-13T15:38:45.000000Z,0,0
questdb,2,14.3,48.3,2026-05-13T15:38:46.000000Z,0,0
questdb,3,14.2,49.5,2026-05-13T15:38:46.000000Z,0,0
esa_api,publoco,13.3,49.4,2026-05-13T17:38:59.064317,3.4,3.8
questdb,2,14.2,48.3,2026-05-13T15:39:08.000000Z,0,0
questdb,3,14.2,49.4,2026-05-13T15:39:09.000000Z,0,0
questdb,0,13.8,50.9,2026-05-13T15:39:11.000000Z,0,0
esa_api,publoco,13.3,49.4,2026-05-13T17:39:29.727479,3.4,3.8
questdb,0,13.8,51.1,2026-05-13T15:39:42.000000Z,0,0
questdb,2,14.2,48.8,2026-05-13T15:39:53.000000Z,0,0
questdb,3,14.1,50.6,2026-05-13T15:39:54.000000Z,1,1
esa_api,publoco,13.3,49.4,2026-05-13T17:40:00.507738,3.4,3.8
questdb,0,13.7,51.5,2026-05-13T15:40:10.000000Z,0,0
questdb,2,14.2,49.3,2026-05-13T15:40:17.000000Z,0,0
questdb,3,14.1,51.3,2026-05-13T15:40:18.000000Z,1,1
esa_api,publoco,12.8,53.8,2026-05-13T17:40:32.212751,2.7,3.2
questdb,2,14.1,49.7,2026-05-13T15:40:39.000000Z,1,1
questdb,0,13.7,52.1,2026-05-13T15:40:40.000000Z,0,0
questdb,3,14.0,52.0,2026-05-13T15:40:43.000000Z,1,1
esa_api,publoco,12.8,53.8,2026-05-13T17:41:03.671804,2.7,3.2
questdb,0,13.6,53.0,2026-05-13T15:41:06.000000Z,0,0
questdb,2,14.1,50.6,2026-05-13T15:41:24.000000Z,0,0
questdb,3,14.1,51.9,2026-05-13T15:41:28.000000Z,1,1
esa_api,publoco,12.8,53.8,2026-05-13T17:41:34.354341,2.7,3.2
questdb,0,13.6,53.5,2026-05-13T15:41:34.000000Z,1,1
questdb,2,14.1,50.8,2026-05-13T15:41:49.000000Z,0,0
questdb,3,14.0,52.3,2026-05-13T15:41:49.000000Z,0,0
esa_api,publoco,12.8,53.8,2026-05-13T17:42:04.961958,2.7,3.2
questdb,2,14.1,51.0,2026-05-13T15:42:11.000000Z,0,0
questdb,3,14.0,52.4,2026-05-13T15:42:12.000000Z,0,0
questdb,0,13.5,54.0,2026-05-13T15:42:31.000000Z,1,1
esa_api,publoco,12.8,53.8,2026-05-13T17:42:35.565568,2.7,3.2
questdb,3,14.0,53.8,2026-05-13T15:42:57.000000Z,0,0
questdb,0,13.5,54.3,2026-05-13T15:42:57.000000Z,1,2
questdb,2,14.0,51.2,2026-05-13T15:43:00.000000Z,0,0
esa_api,publoco,12.8,53.8,2026-05-13T17:43:06.258291,2.7,3.2
questdb,3,14.1,53.2,2026-05-13T15:43:21.000000Z,0,0
questdb,2,14.1,51.7,2026-05-13T15:43:23.000000Z,0,0
questdb,0,13.5,54.9,2026-05-13T15:43:25.000000Z,1,2
esa_api,publoco,12.8,53.8,2026-05-13T17:43:36.934051,2.7,3.2
questdb,3,14.1,53.6,2026-05-13T15:43:43.000000Z,0,0
questdb,2,14.1,52.0,2026-05-13T15:43:46.000000Z,0,0
questdb,0,13.5,55.2,2026-05-13T15:43:53.000000Z,1,1
esa_api,publoco,12.8,53.8,2026-05-13T17:44:07.560341,2.7,3.2
questdb,0,13.5,55.1,2026-05-13T15:44:25.000000Z,1,1
questdb,3,13.9,52.9,2026-05-13T15:44:33.000000Z,0,1
questdb,2,14.1,51.4,2026-05-13T15:44:33.000000Z,1,1
esa_api,publoco,12.8,53.8,2026-05-13T17:44:38.404094,2.7,3.2
questdb,3,14.0,53.3,2026-05-13T15:44:55.000000Z,0,0
questdb,0,13.6,54.7,2026-05-13T15:44:57.000000Z,0,0
questdb,2,14.0,51.6,2026-05-13T15:45:03.000000Z,0,0
esa_api,publoco,12.8,53.8,2026-05-13T17:45:10.062055,2.7,3.2
questdb,3,13.9,53.7,2026-05-13T15:45:21.000000Z,0,0
questdb,0,13.5,54.8,2026-05-13T15:45:26.000000Z,0,0
questdb,2,14.0,51.9,2026-05-13T15:45:27.000000Z,0,0
esa_api,publoco,12.2,60.5,2026-05-13T17:45:41.155342,3.0,3.4
questdb,2,13.9,52.3,2026-05-13T15:45:49.000000Z,0,0
questdb,0,13.4,55.4,2026-05-13T15:45:57.000000Z,0,0
questdb,3,13.9,52.8,2026-05-13T15:46:09.000000Z,1,1
esa_api,publoco,12.2,60.5,2026-05-13T17:46:11.847513,3.0,3.4
questdb,0,13.2,55.5,2026-05-13T15:46:29.000000Z,0,0
questdb,3,13.9,53.1,2026-05-13T15:46:31.000000Z,1,1
questdb,2,13.8,52.2,2026-05-13T15:46:34.000000Z,1,1
esa_api,publoco,12.2,60.5,2026-05-13T17:46:42.500012,3.0,3.4
questdb,3,13.9,52.6,2026-05-13T15:46:58.000000Z,1,1
questdb,2,13.9,52.4,2026-05-13T15:46:58.000000Z,1,1
questdb,0,13.2,55.7,2026-05-13T15:46:58.000000Z,0,0
esa_api,publoco,12.2,60.5,2026-05-13T17:47:13.300446,3.0,3.4
questdb,2,13.9,52.1,2026-05-13T15:47:21.000000Z,1,1
questdb,3,13.9,52.7,2026-05-13T15:47:22.000000Z,1,1
questdb,0,13.3,55.6,2026-05-13T15:47:28.000000Z,2,2
esa_api,publoco,12.2,60.5,2026-05-13T17:47:43.932433,3.0,3.4
questdb,0,13.2,55.6,2026-05-13T15:47:56.000000Z,2,2
questdb,3,14.0,53.2,2026-05-13T15:48:05.000000Z,0,0
questdb,2,13.8,52.4,2026-05-13T15:48:08.000000Z,1,1
esa_api,publoco,12.2,60.5,2026-05-13T17:48:14.667211,3.0,3.4
questdb,0,13.2,55.9,2026-05-13T15:48:24.000000Z,2,2
questdb,3,13.9,52.9,2026-05-13T15:48:28.000000Z,0,0
questdb,2,13.9,52.7,2026-05-13T15:48:33.000000Z,1,1
esa_api,publoco,12.2,60.5,2026-05-13T17:48:45.440668,3.0,3.4
questdb,0,13.3,56.0,2026-05-13T15:48:53.000000Z,2,2
questdb,3,13.9,52.8,2026-05-13T15:48:54.000000Z,0,0
questdb,2,13.9,52.5,2026-05-13T15:48:58.000000Z,1,1
esa_api,publoco,12.2,60.5,2026-05-13T17:49:16.052520,3.0,3.4
questdb,0,13.3,55.8,2026-05-13T15:49:20.000000Z,1,1
questdb,2,13.8,52.3,2026-05-13T15:49:20.000000Z,1,1
questdb,3,13.9,52.9,2026-05-13T15:49:38.000000Z,0,0
esa_api,publoco,12.2,60.5,2026-05-13T17:49:46.695967,3.0,3.4
questdb,2,13.8,52.3,2026-05-13T15:49:54.000000Z,1,1
questdb,0,13.3,55.7,2026-05-13T15:49:54.000000Z,1,1
questdb,3,13.9,53.2,2026-05-13T15:50:01.000000Z,0,0
esa_api,publoco,12.0,63.3,2026-05-13T17:50:17.484452,3.2,3.8
questdb,0,13.2,55.9,2026-05-13T15:50:22.000000Z,0,1
questdb,3,13.8,53.5,2026-05-13T15:50:25.000000Z,1,1
questdb,2,13.7,52.6,2026-05-13T15:50:44.000000Z,1,1
esa_api,publoco,12.0,63.3,2026-05-13T17:50:48.163746,3.2,3.8
questdb,0,13.3,56.1,2026-05-13T15:50:52.000000Z,0,1
questdb,2,13.7,53.2,2026-05-13T15:51:07.000000Z,1,1
questdb,3,13.8,55.0,2026-05-13T15:51:10.000000Z,0,1
esa_api,publoco,12.0,63.3,2026-05-13T17:51:18.899264,3.2,3.8
questdb,0,13.3,56.4,2026-05-13T15:51:26.000000Z,2,2
questdb,2,13.7,53.8,2026-05-13T15:51:29.000000Z,1,1
questdb,3,13.8,54.7,2026-05-13T15:51:34.000000Z,0,1
esa_api,publoco,12.0,63.3,2026-05-13T17:51:49.682185,3.2,3.8
questdb,0,13.1,57.1,2026-05-13T15:51:54.000000Z,2,2
questdb,2,13.7,54.0,2026-05-13T15:51:55.000000Z,1,1
questdb,3,13.8,54.6,2026-05-13T15:52:01.000000Z,1,1
esa_api,publoco,12.0,63.3,2026-05-13T17:52:20.358872,3.2,3.8
questdb,0,13.1,57.6,2026-05-13T15:52:26.000000Z,1,1
questdb,2,13.6,54.5,2026-05-13T15:52:44.000000Z,1,1
questdb,3,13.7,55.0,2026-05-13T15:52:46.000000Z,0,0
esa_api,publoco,12.0,63.3,2026-05-13T17:52:50.974390,3.2,3.8
questdb,0,13.0,57.9,2026-05-13T15:52:55.000000Z,1,1
questdb,2,13.5,54.6,2026-05-13T15:53:06.000000Z,0,0
questdb,3,13.6,55.1,2026-05-13T15:53:10.000000Z,0,0
esa_api,publoco,12.0,63.3,2026-05-13T17:53:21.742885,3.2,3.8
questdb,0,12.9,57.9,2026-05-13T15:53:25.000000Z,1,1
questdb,2,13.3,54.9,2026-05-13T15:53:32.000000Z,0,0
questdb,3,13.6,54.6,2026-05-13T15:53:34.000000Z,0,0
esa_api,publoco,12.0,63.3,2026-05-13T17:53:52.389773,3.2,3.8
questdb,0,12.8,58.2,2026-05-13T15:53:52.000000Z,1,1
questdb,3,13.6,54.9,2026-05-13T15:54:20.000000Z,1,1
questdb,2,13.2,54.7,2026-05-13T15:54:20.000000Z,0,0
esa_api,publoco,12.0,63.3,2026-05-13T17:54:22.996035,3.2,3.8
questdb,0,12.7,58.0,2026-05-13T15:54:23.000000Z,3,3
questdb,3,13.5,54.5,2026-05-13T15:54:43.000000Z,1,1
questdb,2,13.3,55.1,2026-05-13T15:54:44.000000Z,0,0
esa_api,publoco,12.0,63.3,2026-05-13T17:54:53.789413,3.2,3.8
questdb,3,13.5,54.6,2026-05-13T15:55:08.000000Z,2,2
questdb,2,13.3,54.9,2026-05-13T15:55:14.000000Z,0,0
questdb,0,12.8,58.3,2026-05-13T15:55:18.000000Z,2,2
esa_api,publoco,11.7,66.1,2026-05-13T17:55:24.534472,3.1,3.7
questdb,3,13.5,54.0,2026-05-13T15:55:31.000000Z,1,1
questdb,2,13.2,54.9,2026-05-13T15:55:37.000000Z,1,1
questdb,0,12.7,58.2,2026-05-13T15:55:46.000000Z,2,2
esa_api,publoco,11.7,66.1,2026-05-13T17:55:55.180385,3.1,3.7
questdb,0,12.7,57.9,2026-05-13T15:56:15.000000Z,2,2
questdb,3,13.4,55.3,2026-05-13T15:56:20.000000Z,0,0
questdb,2,13.2,54.7,2026-05-13T15:56:23.000000Z,0,0
esa_api,publoco,11.7,66.1,2026-05-13T17:56:26.871728,3.1,3.7
questdb,3,13.5,56.2,2026-05-13T15:56:45.000000Z,0,0
questdb,2,13.3,55.2,2026-05-13T15:56:47.000000Z,1,1
questdb,0,12.7,58.2,2026-05-13T15:56:48.000000Z,2,2
esa_api,publoco,11.7,66.1,2026-05-13T17:56:57.558934,3.1,3.7
questdb,3,13.5,55.2,2026-05-13T15:57:08.000000Z,0,0
questdb,2,13.3,55.6,2026-05-13T15:57:17.000000Z,1,1
questdb,0,12.8,59.0,2026-05-13T15:57:19.000000Z,1,1
esa_api,publoco,11.7,66.1,2026-05-13T17:57:28.348095,3.1,3.7
questdb,3,13.4,55.2,2026-05-13T15:57:33.000000Z,0,0
questdb,2,13.2,55.5,2026-05-13T15:57:39.000000Z,1,1
questdb,0,12.7,58.9,2026-05-13T15:57:49.000000Z,1,2
esa_api,publoco,11.7,66.1,2026-05-13T17:57:58.992808,3.1,3.7
questdb,3,13.3,55.9,2026-05-13T15:58:00.000000Z,0,0
questdb,2,13.2,55.5,2026-05-13T15:58:17.000000Z,0,0
questdb,0,12.7,58.9,2026-05-13T15:58:21.000000Z,1,1
esa_api,publoco,11.7,66.1,2026-05-13T17:58:29.752261,3.1,3.7
questdb,0,12.7,58.9,2026-05-13T15:58:21.000000Z,1,1
questdb,2,13.2,55.9,2026-05-13T15:58:42.000000Z,0,0
questdb,3,13.3,55.7,2026-05-13T15:58:46.000000Z,0,0
esa_api,publoco,11.7,66.1,2026-05-13T17:59:00.577911,3.1,3.7
questdb,3,13.3,55.7,2026-05-13T15:58:46.000000Z,0,0
questdb,0,12.7,59.2,2026-05-13T15:58:52.000000Z,1,2
questdb,2,13.2,55.7,2026-05-13T15:59:08.000000Z,0,0
esa_api,publoco,11.7,66.1,2026-05-13T17:59:32.453568,3.1,3.7
questdb,3,13.3,55.7,2026-05-13T15:58:46.000000Z,0,0
questdb,0,12.7,59.2,2026-05-13T15:58:52.000000Z,1,2
questdb,2,13.2,55.7,2026-05-13T15:59:08.000000Z,0,0
esa_api,publoco,11.7,66.1,2026-05-13T18:00:03.297086,3.1,3.7
questdb,3,13.3,55.7,2026-05-13T15:58:46.000000Z,0,0
questdb,0,12.7,59.2,2026-05-13T15:58:52.000000Z,1,2
questdb,2,13.2,55.7,2026-05-13T15:59:08.000000Z,0,0
esa_api,publoco,11.3,68.0,2026-05-13T18:00:34.138954,3.2,4.3
